JOGO,RESULTADO,CORINTHIANS,GOL COR,GOL VIS,VISITANTE,CIDADE - VISITANTE,UF,PAIS,DIA,MES,ANO,HORA,DIA-SEMANA,CAMPEONATO,CAPITÃO,TÉCNICO,TÉCNICO - VISITANTE,PUBLICO,RENDA,CAMISA,SAÍDA DE JOGO,1 TEMPO,2 TEMPO,ARTILHEIROS,ARTILHEIROS - VISITANTE,NUM-GOLS,PRIMEIRO GOL,GOL-SUL,GOL-NORTE,GOL VIS-SUL,GOL VIS-NORTE,GOL-1T,GOL-2T,GOL VIS-1T,GOL VIS-2T,ÁRBITRO,UF-ÁRBITRO,VAR
1,D,CORINTHIANS,0,1,FIGUEIRENSE,FLORIANÓPOLIS,SC,BRA,18,5,14,16:00,DOM,BRASILEIRO,RALF,MANO MENEZES,GUTO FERREIRA,36.123,"3.029.801,70",1,CORINTHIANS,SUL,NORTE,X,1 Giovanni Augusto,1,VISITANTE,0,0,0,1,0,0,0,1,JAILSON MACEDO DE FREITAS,BA,NÃO
2,E,CORINTHIANS,1,1,BOTAFOGO,RIO DE JANEIRO,RJ,BRA,1,6,14,16:00,DOM,BRASILEIRO,RALF,MANO MENEZES,VAGNER MANCINI,37.119,"2.616.819,50",1,CORINTHIANS,SUL,NORTE,1 Jadson,1 Edilson,2,CORINTHIANS,0,1,0,1,1,0,0,1,LEANDRO PEDRO VUADEN,RS,NÃO
3,V,CORINTHIANS,2,1,INTERNACIONAL,PORTO ALEGRE,RS,BRA,17,7,14,19:30,QUI,BRASILEIRO,RALF,MANO MENEZES,ABEL BRAGA,32.644,"2.556.385,50",1,VISITANTE,NORTE,SUL,"1 Guerrero, 1 Fagner",1 Cláudio Winck,3,CORINTHIANS,2,0,1,0,2,0,0,1,WAGNER REWAY,MT,NÃO
4,V,CORINTHIANS,3,0,BAHIA,SALVADOR,BA,BRA,23,7,14,22:00,QUA,COPA DO BRASIL,RALF,MANO MENEZES,MARQUINHOS SANTOS,24.252,"1.389.973,50",1,VISITANTE,NORTE,SUL,"1 Elias, 1 Romero, 1 Renato Augusto",X,3,CORINTHIANS,2,1,0,0,2,1,0,0,IGOR JUNIO BENEVENUTO,MG,NÃO
5,V,CORINTHIANS,2,0,PALMEIRAS,SÃO PAULO,SP,BRA,27,7,14,16:00,DOM,BRASILEIRO,RALF,MANO MENEZES,RICARDO GARECA,31.031,"2.206.184,00",1,VISITANTE,NORTE,SUL,"1 Guerrero, 1 Petros",X,2,CORINTHIANS,0,2,0,0,0,2,0,0,SANDRO MEIRA RICCI,PE,NÃO
6,E,CORINTHIANS,1,1,BAHIA,SALVADOR,BA,BRA,16,8,14,21:00,SÁB,BRASILEIRO,RALF,MANO MENEZES,GILSON KLEINA,31.014,"2.096.556,50",1,VISITANTE,NORTE,SUL,1 Gil,1 Kieza,2,VISITANTE,1,0,0,1,1,0,1,0,ANDERSON DARONCO,RS,NÃO
7,V,CORINTHIANS,5,2,GOIÁS,GOIÂNIA,GO,BRA,21,8,14,19:30,QUI,BRASILEIRO,RALF,MANO MENEZES,RICARDO DRUBSCKY,26.486,"1.465.164,00",1,VISITANTE,NORTE,SUL,"1 Guerrero, 1 Elias, 3 Luciano","1 Thigo Mendes, 1 Jackson Souza",7,VISITANTE,1,4,1,1,1,4,1,1,MARCELO DE LIMA HENRIQUE,RJ,NÃO
8,E,CORINTHIANS,1,1,FLUMINENSE,RIO DE JANEIRO,RJ,BRA,31,8,14,16:00,DOM,BRASILEIRO,RALF,MANO MENEZES,CRISTÓVÃO BORGES,34.889,"2.519.703,00",1,CORINTHIANS,NORTE,SUL,1 Romarinho,1 Fred,2,VISITANTE,0,1,0,1,0,1,1,0,PAULO HENRIQUE DE GODOY BEZERRA,SC,NÃO
9,V,CORINTHIANS,3,1,BRAGANTINO,BRAGANÇA PAULISTA,SP,BRA,3,9,14,22:00,QUA,COPA DO BRASIL,RALF,MANO MENEZES,PC GUSMÃO,27.817,"1.497.128,00",1,CORINTHIANS,NORTE,SUL,"1 Renato Augusto, 1 Ralf, 1 Felipe",1 Guilherme Mattis,4,CORINTHIANS,3,0,1,0,3,0,0,1,VINÍCIUS FURLAN,SP,NÃO
10,V,CORINTHIANS,1,0,ATLÉTICO (MG),BELO HORIZONTE,MG,BRA,11,9,14,19:30,QUI,BRASILEIRO,RALF,MANO MENEZES,LEVIR CULPI,24.784,"1.335.654,50",2,VISITANTE,NORTE,SUL,1 Petros,X,1,CORINTHIANS,1,0,0,0,1,0,0,0,DEWSON FERNANDO SILVA,PA,NÃO
11,E,CORINTHIANS,1,1,CHAPECOENSE,CHAPECÓ,SC,BRA,18,9,14,19:30,QUI,BRASILEIRO,RALF,MANO MENEZES,JORGINHO,25.537,"1.359.473,00",1,CORINTHIANS,NORTE,SUL,1 Malcom,1 Ferrugem (GC),2,CORINTHIANS,1,0,1,0,1,0,0,1,FELIPE DUARTE VAREJÃO,ES,NÃO
12,V,CORINTHIANS,3,2,SÃO PAULO,SÃO PAULO,SP,BRA,21,9,14,16:00,DOM,BRASILEIRO,RALF,MANO MENEZES,MURICY RAMALHO,34.688,"2.405.986,50",1,VISITANTE,NORTE,SUL,"2 Fábio Santos, 1 Guerrero","1 Souza, 1 Édson Silva",5,VISITANTE,1,2,0,2,1,2,2,0,LUIZ FLÁVIO DE OLIVEIRA,SP,NÃO
13,V,CORINTHIANS,2,0,ATLÉTICO (MG),BELO HORIZONTE,MG,BRA,1,10,14,22:00,QUA,COPA DO BRASIL,FÁBIO SANTOS,MANO MENEZES,LEVIR CULPI,27.457,"1.495.296,00",2,CORINTHIANS,SUL,NORTE,"1 Guerrero, 1 Luciano",X,2,CORINTHIANS,1,1,0,0,1,1,0,0,PÉRICLES BASSOLS,RJ,NÃO
14,V,CORINTHIANS,3,0,SPORT,RECIFE,PE,BRA,4,10,14,18:30,SÁB,BRASILEIRO,FÁBIO SANTOS,MANO MENEZES,EDUARDO BAPTISTA,29.238,"1.650.086,50",1,VISITANTE,SUL,NORTE,"1 Anderson Martins, 1 Guererro, 1 Luciano",X,3,CORINTHIANS,2,1,0,0,1,2,0,0,BRAULIO DA SILVA MACHADO,SC,NÃO
15,E,CORINTHIANS,2,2,CORITIBA,CURITIBA,PR,BRA,1,11,14,21:00,SÁB,BRASILEIRO,GIL,MANO MENEZES,MARQUINHOS SANTOS,28.099,"1.601.342,20",1,VISITANTE,NORTE,SUL,"1 Elias, 1 Bruno Henrique","1 Robinho Signorini, 1 Alex de Souza",4,VISITANTE,0,2,0,2,0,2,2,0,JEAN PIERRE LIMA,RS,NÃO
16,V,CORINTHIANS,1,0,SANTOS,SANTOS,SP,BRA,9,11,14,19:30,DOM,BRASILEIRO,RALF,MANO MENEZES,ENDERSON MOREIRA,31.089,"1.886.861,00",2,VISITANTE,NORTE,SUL,1 Guerrero,X,1,CORINTHIANS,1,0,0,0,1,0,0,0,VINÍCIUS FURLAN,SP,NÃO
17,V,CORINTHIANS,1,0,GRÊMIO,PORTO ALEGRE,RS,BRA,23,11,14,19:30,DOM,BRASILEIRO,RALF,MANO MENEZES,FELIPÃO,36.307,"2.644.690,00",1,CORINTHIANS,SUL,NORTE,1 Guerrero,X,1,CORINTHIANS,1,0,0,0,0,1,0,0,RICARDO MARQUES RIBEIRO,MG,NÃO
18,V,CORINTHIANS,2,1,CRICIÚMA,CRICIÚMA,SC,BRA,6,12,14,16:30,SÁB,BRASILEIRO,RALF,MANO MENEZES,LUIZINHO VIEIRA,38.044,"2.753.362,50",1,CORINTHIANS,NORTE,SUL,"1 Elias, 1 Fábio Santos",1 Róger Guedes,3,CORINTHIANS,1,1,1,0,1,1,0,1,DEWSON FERNANDO SILVA,PA,NÃO
19,V,CORINTHIANS,3,0,CORINTHIAN-CASUALS,LONDRES,ING,ING,24,1,15,17:00,SÁB,AMISTOSO,RALF,TITE,MATT HOWARD,22.572,"974.904,95",1,VISITANTE,SUL,NORTE,"1 Danilo, 2 Luciano",X,3,CORINTHIANS,3,0,0,0,0,3,0,0,ILBERT ESTEVAM DA SILVA,SP,NÃO
20,V,CORINTHIANS,3,0,MARÍLIA,MARÍLIA,SP,BRA,1,2,15,17:00,DOM,PAULISTA,ELIAS,TITE,LUIS DOS REIS,25.582,"1.116.056,85",1,VISITANTE,NORTE,SUL,"1 Renato Augusto, 1 Fagner, 1 Guerrero",X,3,CORINTHIANS,1,2,0,0,1,2,0,0,DOUGLAS MARQUES DAS FLORES,SP,NÃO
21,V,CORINTHIANS,4,0,ONCE CALDAS,MANIZALES,COL,COL,4,2,15,22:00,QUA,LIBERTADORES,FÁBIO SANTOS,TITE,FLÁVIO TORRES,35.757,"2.436.745,75",1,VISITANTE,NORTE,SUL,"1 Emerson, 1 Felipe, 1 Elias, 1 Fagner",X,4,CORINTHIANS,1,3,0,0,1,3,0,0,PATRICIO LOUSTAU,ARG,NÃO
22,V,CORINTHIANS,2,1,BOTAFOGO (SP),RIBEIRÃO PRETO,SP,BRA,14,2,15,17:00,SÁB,PAULISTA,GUERRERO,TITE,ALEXANDRE FERREIRA,27.060,"1.203.003,70",1,CORINTHIANS,NORTE,SUL,2 Fábio Santos,1 Rodrigo Andrade,3,CORINTHIANS,1,1,1,0,1,1,0,1,MARCELO PRIETO ALFIERI,SP,NÃO
23,V,CORINTHIANS,2,0,SÃO PAULO,SÃO PAULO,SP,BRA,18,2,15,22:00,QUA,LIBERTADORES,RALF,TITE,MURICY RAMALHO,38.487,"3.528.236,00",1,CORINTHIANS,SUL,NORTE,"1 Elias, 1 Jadson",X,2,CORINTHIANS,1,1,0,0,1,1,0,0,RICARDO MARQUES RIBEIRO,MG,NÃO
24,V,CORINTHIANS,3,0,MOGI MIRIM,MOGI MIRIM,SP,BRA,1,3,15,16:00,DOM,PAULISTA,CÁSSIO,TITE,CLAUDINHO BATISTA,29.442,"1.449.441,65",1,CORINTHIANS,NORTE,SUL,"1 Jadson, 1 Luciano, 1 Guerrero",X,3,CORINTHIANS,0,3,0,0,0,3,0,0,GUILHERME CERETTA DE LIMA,SP,NÃO
25,V,CORINTHIANS,1,0,SÃO BERNARDO,SÃO BERNARDO DO CAMPO,SP,BRA,11,3,15,22:00,QUA,PAULISTA,CRISTIAN,TITE,ÉDSON BOARO,23.484,"926.987,45",1,VISITANTE,NORTE,SUL,1 Malcom,X,1,CORINTHIANS,1,0,0,0,1,0,0,0,LEONARDO FERREIRA LIMA,SP,NÃO
26,E,CORINTHIANS,0,0,RED BULL,CAMPINAS,SP,BRA,14,3,15,16:00,SÁB,PAULISTA,FAGNER,TITE,MAURICIO BARBIERI,31.471,"1.569.799,20",1,VISITANTE,SUL,NORTE,X,X,0,X,0,0,0,0,0,0,0,0,LUIZ VANDERLEI MARTINUCHO,SP,NÃO
27,V,CORINTHIANS,2,0,PORTUGUESA,SÃO PAULO,SP,BRA,24,3,15,19:30,TER,PAULISTA,DANILO,TITE,AILTON SILVA,25.269,"1.008.915,95",1,VISITANTE,SUL,NORTE,2 Malcom,X,2,CORINTHIANS,1,1,0,0,1,1,0,0,LUIZ FLÁVIO DE OLIVEIRA,SP,NÃO
28,V,CORINTHIANS,5,3,PENAPOLENSE,PENÁPOLIS,SP,BRA,26,3,15,19:30,QUI,PAULISTA,RALF,TITE,PC GUSMÃO,27.403,"1.113.002,95",1,VISITANTE,NORTE,SUL,"2 Guerrero, 1 Yago, 1 Emerson, 1 Petros","2 Crislan, 1 Luiz Gustavo",8,CORINTHIANS,4,1,3,0,4,1,0,3,ADRIANO DE ASSIS MIRANDA,SP,NÃO
29,V,CORINTHIANS,4,0,DANUBIO,MONTEVIDÉU,URU,URU,1,4,15,22:00,QUA,LIBERTADORES,GIL,TITE,LEONARDO RAMOS,38.471,"3.283.955,50",1,VISITANTE,NORTE,SUL,"1 Jadson, 3 Guerrero",X,4,CORINTHIANS,2,2,0,0,2,2,0,0,DIEGO HARO,PER,NÃO
30,E,CORINTHIANS,1,1,SANTOS,SANTOS,SP,BRA,5,4,15,16:00,DOM,PAULISTA,ELIAS,TITE,MARCELO FERNANDES,32.199,"1.833.746,95",2,VISITANTE,NORTE,SUL,1 Felipe,1 Ricardo Oliveira,2,CORINTHIANS,1,0,1,0,1,0,0,1,VINÍCIUS GONÇALVES DIAS ARAÚJO,SP,NÃO
31,V,CORINTHIANS,1,0,PONTE PRETA,CAMPINAS,SP,BRA,11,4,15,16:20,SÁB,PAULISTA,CÁSSIO,TITE,GUTO FERREIRA,32.438,"2.283.546,00",1,VISITANTE,SUL,NORTE,1 Renato Augusto,X,1,CORINTHIANS,1,0,0,0,0,1,0,0,FLÁVIO RODRIGUES DE SOUZA,SP,NÃO
32,E,CORINTHIANS,0,0,SAN LORENZO,BUENOS AIRES,ARG,ARG,16,4,15,22:00,QUI,LIBERTADORES,RENATO AUGUSTO,TITE,EDGARDO BAUZA,40.744,"3.329.516,50",1,CORINTHIANS,NORTE,SUL,X,X,0,X,0,0,0,0,0,0,0,0,VÍCTOR CARILLO,PER,NÃO
33,E,CORINTHIANS,2,2,PALMEIRAS,SÃO PAULO,SP,BRA,19,4,15,16:00,DOM,PAULISTA,RALF,TITE,OSWALDO DE OLIVEIRA,38.457,"3.194.302,50",1,CORINTHIANS,NORTE,SUL,"1 Danilo, 1 Mendoza","1 Victor Ramos, 1 Rafael Marques",4,VISITANTE,2,0,1,1,2,0,1,1,THIAGO DUARTE PEIXOTO,SP,NÃO
34,D,CORINTHIANS,0,1,GUARANÍ (PAR),ASSUNÇÃO,PAR,PAR,13,5,15,22:00,QUA,LIBERTADORES,FÁBIO SANTOS,TITE,FERNANDO JUBERO,39.806,"3.327.731,50",1,VISITANTE,NORTE,SUL,X,1 Fernando Fernández,1,VISITANTE,0,0,1,0,0,0,0,1,ENRIQUE OSSES,CHI,NÃO
35,D,CORINTHIANS,0,2,PALMEIRAS,SÃO PAULO,SP,BRA,31,5,15,16:00,DOM,BRASILEIRO,RENATO AUGUSTO,TITE,OSWALDO DE OLIVEIRA,29.479,"1.784.531,76",1,CORINTHIANS,SUL,NORTE,X,"1 Rafael Marques, 1 Zé Roberto",2,VISITANTE,0,0,2,0,0,0,2,0,VINÍCIUS GONÇALVES DIAS ARAÚJO,SP,NÃO
36,V,CORINTHIANS,2,1,INTERNACIONAL,PORTO ALEGRE,RS,BRA,13,6,15,16:30,SÁB,BRASILEIRO,FAGNER,TITE,DIEGO AGUIRRE,27.270,"1.488.978,75",1,CORINTHIANS,SUL,NORTE,"1 Jadson, 1 Vagner Love",1 Nilmar,3,VISITANTE,2,0,1,0,0,2,1,0,MARCELO DE LIMA HENRIQUE,PE,NÃO
37,V,CORINTHIANS,2,1,FIGUEIRENSE,FLORIANÓPOLIS,SC,BRA,27,6,15,21:00,SÁB,BRASILEIRO,GIL,TITE,ARGEL FUCKS,24.786,"1.252.246,25",2,VISITANTE,NORTE,SUL,"1 Vagner Love, 1 Jadson",1 Thiago Santana,3,CORINTHIANS,0,2,1,0,0,2,0,1,IGOR JUNIO BENEVENUTO,MG,NÃO
38,V,CORINTHIANS,2,0,PONTE PRETA,CAMPINAS,SP,BRA,2,7,15,19:30,QUI,BRASILEIRO,JADSON,TITE,GUTO FERREIRA,26.649,"1.308.449,26",1,CORINTHIANS,SUL,NORTE,"1 Jadson, 1 Vagner Love",X,2,CORINTHIANS,1,1,0,0,1,1,0,0,THIAGO DUARTE PEIXOTO,SP,NÃO
39,V,CORINTHIANS,2,0,ATHLETICO,CURITIBA,PR,BRA,9,7,15,19:30,QUI,BRASILEIRO,CÁSSIO,TITE,MILTON MENDES,32.442,"1.861.072,76",1,VISITANTE,NORTE,SUL,"1 Elias, 1 Jadson",X,2,CORINTHIANS,1,1,0,0,1,1,0,0,RICARDO MARQUES RIBEIRO,MG,NÃO
40,V,CORINTHIANS,1,0,ATLÉTICO (MG),BELO HORIZONTE,MG,BRA,18,7,15,21:00,SÁB,BRASILEIRO,FAGNER,TITE,LEVIR CULPI,36.280,"2.376.803,50",2,CORINTHIANS,SUL,NORTE,1 Malcom,X,1,CORINTHIANS,0,1,0,0,1,0,0,0,ANDERSON DARONCO,RS,NÃO
41,V,CORINTHIANS,3,0,VASCO DA GAMA,RIO DE JANEIRO,RJ,BRA,29,7,15,22:00,QUA,BRASILEIRO,GIL,TITE,CELSO ROTH,30.340,"1.608.159,76",1,VISITANTE,NORTE,SUL,"1 Renato Augusto, 1 Gil, 1 Elias",X,3,CORINTHIANS,0,3,0,0,0,3,0,0,LEANDRO PEDRO VUADEN,RS,NÃO
42,V,CORINTHIANS,4,3,SPORT,RECIFE,PE,BRA,12,8,15,22:00,QUA,BRASILEIRO,RENATO AUGUSTO,TITE,EDUARDO BAPTISTA,30.941,"1.671.129,76",1,CORINTHIANS,NORTE,SUL,"2 Luciano, 1 Samuel Xavier (GC), 1 Jadson","1 André, 2 Hernane",7,CORINTHIANS,2,2,2,1,2,2,1,2,LUIZ FLÁVIO DE OLIVEIRA,SP,NÃO
43,V,CORINTHIANS,3,0,CRUZEIRO,BELO HORIZONTE,MG,BRA,23,8,15,16:00,DOM,BRASILEIRO,JADSON,TITE,LUXEMBURGO,41.014,"2.671.941,50",1,CORINTHIANS,NORTE,SUL,"2 Vagner Love, 1 Jadson",X,3,CORINTHIANS,2,1,0,0,2,1,0,0,PÉRICLES BASSOLS,RJ,NÃO
44,D,CORINTHIANS,1,2,SANTOS,SANTOS,SP,BRA,26,8,15,22:00,QUA,COPA DO BRASIL,GIL,TITE,DORIVAL JÚNIOR,37.338,"2.353.824,50",2,CORINTHIANS,SUL,NORTE,1 Romero,"1 Gabigol, 1 Ricardo Oliveira",3,VISITANTE,1,0,1,1,0,1,1,1,RICARDO MARQUES RIBEIRO,MG,NÃO
45,V,CORINTHIANS,2,0,FLUMINENSE,RIO DE JANEIRO,RJ,BRA,2,9,15,22:00,QUA,BRASILEIRO,RALF,TITE,ENDERSON MOREIRA,29.328,"1.553.141,50",3,CORINTHIANS,NORTE,SUL,"1 Marciel, 1 Ralf",X,2,CORINTHIANS,1,1,0,0,1,1,0,0,SANDRO MEIRA RICCI,SC,NÃO
46,E,CORINTHIANS,1,1,GRÊMIO,PORTO ALEGRE,RS,BRA,9,9,15,22:00,QUA,BRASILEIRO,CÁSSIO,TITE,ROGER MACHADO,30.126,"1.635.173,50",1,VISITANTE,NORTE,SUL,1 Renato Augusto,1 Bobô,2,VISITANTE,0,1,1,0,0,1,0,1,ANDRÉ LUIZ DE FREITAS CASTRO,GO,NÃO
47,V,CORINTHIANS,3,0,JOINVILLE,JOINVILLE,SC,BRA,13,9,15,11:00,DOM,BRASILEIRO,FAGNER,TITE,PC GUSMÃO,41.809,"2.679.187,00",1,VISITANTE,NORTE,SUL,"1 Malcom, 1 Uendel, 1 Vagner Love",X,3,CORINTHIANS,1,2,0,0,1,2,0,0,WILTON PEREIRA SAMPAIO,GO,NÃO
48,V,CORINTHIANS,2,0,SANTOS,SANTOS,SP,BRA,20,9,15,11:00,DOM,BRASILEIRO,JADSON,TITE,DORIVAL JÚNIOR,41.748,"2.649.100,00",1,CORINTHIANS,SUL,NORTE,2 Jadson,X,2,CORINTHIANS,2,0,0,0,0,2,0,0,FLÁVIO RODRIGUES GUERRA,SP,NÃO
49,V,CORINTHIANS,3,0,GOIÁS,GOIÂNIA,GO,BRA,15,10,15,19:30,QUI,BRASILEIRO,RALF,TITE,ARTUR NETO,40.925,"2.561.055,50",1,CORINTHIANS,SUL,NORTE,"1 Edu Dracena, 1 Malcom, 1 Rodriguinho",X,3,CORINTHIANS,1,2,0,0,2,1,0,0,WAGNER REWAY,MT,NÃO
50,V,CORINTHIANS,1,0,FLAMENGO,RIO DE JANEIRO,RJ,BRA,24,10,15,17:00,DOM,BRASILEIRO,CÁSSIO,TITE,OSWALDO DE OLIVEIRA,43.515,"2.747.175,00",1,VISITANTE,NORTE,SUL,1 Vagner Love,X,1,CORINTHIANS,1,0,0,0,1,0,0,0,WILTON PEREIRA SAMPAIO,GO,NÃO
51,V,CORINTHIANS,2,1,CORITIBA,CURITIBA,PR,BRA,7,11,15,19:30,SÁB,BRASILEIRO,GIL,TITE,PACHEQUINHO,43.688,"2.772.735,50",1,CORINTHIANS,SUL,NORTE,"1 Jadson, 1 Lucca",1 Negueba,3,CORINTHIANS,1,1,0,1,1,1,0,1,DEWSON FERNANDO SILVA,PA,NÃO
52,V,CORINTHIANS,6,1,SÃO PAULO,SÃO PAULO,SP,BRA,22,11,15,17:00,DOM,BRASILEIRO,RALF,TITE,MILTON CRUZ,44.976,"2.339.497,50",2,VISITANTE,NORTE,SUL,"1 Bruno Henrique, 2 Romero, 1 Edu Dracena, 1 Lucca, 1 Cristian",1 Carlinhos,7,CORINTHIANS,3,3,1,0,3,3,0,1,PÉRICLES BASSOLS,RJ,NÃO
53,E,CORINTHIANS,1,1,AVAÍ,FLORIANÓPOLIS,SC,BRA,6,12,15,17:00,DOM,BRASILEIRO,FELIPE,TITE,RAUL CABRAL,43.389,"2.678.940,00",1,VISITANTE,NORTE,SUL,1 Vagner Love,1 Claudinei,2,VISITANTE,0,1,1,0,0,1,0,1,LEANDRO PEDRO VUADEN,RS,NÃO
54,V,CORINTHIANS,1,0,XV DE PIRACICABA,PIRACICABA,SP,BRA,31,1,16,17:00,DOM,PAULISTA,FAGNER,TITE,CLAUDINHO BATISTA,30.945,"1.643.455,00",1,VISITANTE,NORTE,SUL,1 Romero,X,1,CORINTHIANS,0,1,0,0,0,1,0,0,FLÁVIO RODRIGUES DE SOUZA,SP,NÃO
55,V,CORINTHIANS,2,1,CAPIVARIANO,CAPIVARI,SP,BRA,11,2,16,21:00,QUI,PAULISTA,UENDEL,TITE,EVARISTO PIZA,23.143,"1.113.209,00",1,VISITANTE,NORTE,SUL,"1 Romero, 1 Guilherme",1 Marlon,3,CORINTHIANS,1,1,0,1,1,1,1,0,MARCELO APARECIDO RIBEIRO DE SOUZA,SP,NÃO
56,V,CORINTHIANS,2,0,SÃO PAULO,SÃO PAULO,SP,BRA,14,2,16,17:00,DOM,PAULISTA,FELIPE,TITE,EDGARDO BAUZA,36.378,"2.050.496,50",1,VISITANTE,NORTE,SUL,"1 Lucca, 1 Yago",X,2,CORINTHIANS,1,1,0,0,1,1,0,0,LUIZ FLÁVIO DE OLIVEIRA,SP,NÃO
57,V,CORINTHIANS,1,0,OESTE,ITÁPOLIS,SP,BRA,27,2,16,21:00,SÁB,PAULISTA,FAGNER,TITE,RENAN FREITAS,28.717,"1.460.902,00",1,CORINTHIANS,NORTE,SUL,1 Rodriguinho,X,1,CORINTHIANS,0,1,0,0,0,1,0,0,JOSÉ CLÁUDIO ROCHA FILHO,SP,NÃO
58,V,CORINTHIANS,1,0,SANTA FÉ,BOGOTÁ,COL,COL,2,3,16,21:45,QUA,LIBERTADORES,CÁSSIO,TITE,GERARDO PELUSSO,38.818,"2.438.460,50",1,VISITANTE,NORTE,SUL,1 Guilherme,X,1,CORINTHIANS,0,1,0,0,0,1,0,0,MAURO VIGLIANO,ARG,NÃO
59,V,CORINTHIANS,2,0,CERRO PORTEÑO,ASSUNÇÃO,PAR,PAR,16,3,16,21:45,QUA,LIBERTADORES,BRUNO HENRIQUE,TITE,CÉSAR FARÍAS,42.403,"2.751.709,00",1,CORINTHIANS,SUL,NORTE,"1 Lucca, 1 Víctor Mareco (GC)",X,2,CORINTHIANS,1,1,0,0,1,1,0,0,PATRICIO LOUSTAU,ARG,NÃO
60,V,CORINTHIANS,4,0,LINENSE,LINS,SP,BRA,19,3,16,16:00,SÁB,PAULISTA,RODRIGUINHO,TITE,MOACIR JÚNIOR,31.334,"1.711.408,00",1,CORINTHIANS,NORTE,SUL,"2 Romero, 1 Balbuena, 1 Edilson",X,4,CORINTHIANS,2,2,0,0,2,2,0,0,SALIM FENDE CHAVEZ,SP,NÃO
61,V,CORINTHIANS,1,0,ITUANO,ITU,SP,BRA,26,3,16,21:00,SÁB,PAULISTA,CÁSSIO,TITE,TARCÍSIO PUGLIESE,28.491,"1.442.312,00",1,CORINTHIANS,NORTE,SUL,1 Felipe,X,1,CORINTHIANS,0,1,0,0,0,1,0,0,NORBERTO LUCIANO SANTOS DA SILVEIRA,SP,NÃO
62,V,CORINTHIANS,2,1,PONTE PRETA,CAMPINAS,SP,BRA,30,3,16,21:45,QUA,PAULISTA,DANILO,TITE,ALEXANDRE GALLO,22.029,"1.023.757,50",1,VISITANTE,NORTE,SUL,"1 Romero, 1 Balbuena",1 Felipe Azevedo,3,CORINTHIANS,1,1,0,1,1,1,1,0,ALESSANDRO DARCIE,SP,NÃO
63,V,CORINTHIANS,3,0,GRÊMIO NOVORIZONTINO,NOVO HORIZONTE,SP,BRA,10,4,16,16:00,DOM,PAULISTA,ELIAS,TITE,GUILHERME ALVES,30.475,"1.580.493,50",1,VISITANTE,NORTE,SUL,"2 Fagner, 1 Alan Mineiro",X,3,CORINTHIANS,1,2,0,0,1,2,0,0,DOUGLAS MARQUES DAS FLORES,SP,NÃO
64,V,CORINTHIANS,4,0,RED BULL,CAMPINAS,SP,BRA,16,4,16,16:20,SÁB,PAULISTA,FAGNER,TITE,MAURICIO BARBIERI,36.957,"1.948.897,50",1,CORINTHIANS,SUL,NORTE,"1 Giovanni Augusto, 1 André, 1 Alan Mineiro, 1 Lucca",X,4,CORINTHIANS,2,2,0,0,2,2,0,0,LUIZ FLÁVIO DE OLIVEIRA,SP,NÃO
65,V,CORINTHIANS,6,0,COBRESAL,EL SALVADOR,CHI,CHI,20,4,16,21:45,QUA,LIBERTADORES,RODRIGUINHO,TITE,DALCIO GIOVAGNOLI,41.710,"2.635.754,50",1,VISITANTE,NORTE,SUL,"2 Marlone, 2 Romero, 1 Guilherme Arana, 1 Elias",X,6,CORINTHIANS,4,2,0,0,4,2,0,0,ANDRÉS CUNHA,URU,NÃO
66,E,CORINTHIANS,2,2,AUDAX,OSASCO,SP,BRA,23,4,16,18:30,SÁB,PAULISTA,CÁSSIO,TITE,FERNANDO DINIZ,41.343,"2.574.271,00",1,VISITANTE,NORTE,SUL,2 André,"1 Bruno Paulo, 1 Tchê Tchê",4,VISITANTE,0,2,1,1,0,2,1,1,THIAGO DUARTE PEIXOTO,SP,NÃO
67,E,CORINTHIANS,2,2,NACIONAL,MONTEVIDÉU,URU,URU,4,5,16,21:45,QUA,LIBERTADORES,ELIAS,TITE,GUSTAVO MUNÚA,43.098,"2.888.299,19",1,VISITANTE,NORTE,SUL,"1 Lucca, 1 Marquinhos Gabriel","1 Nico López, 1 Santiago Romero",4,VISITANTE,1,1,1,1,1,1,1,1,NÉSTOR PITANA,ARG,NÃO
68,E,CORINTHIANS,0,0,GRÊMIO,PORTO ALEGRE,RS,BRA,15,5,16,16:00,DOM,BRASILEIRO,FAGNER,TITE,ROGER MACHADO,31.533,"1.627.511,00",1,VISITANTE,NORTE,SUL,X,X,0,X,0,0,0,0,0,0,0,0,WILTON PEREIRA SAMPAIO,GO,NÃO
69,V,CORINTHIANS,3,0,PONTE PRETA,CAMPINAS,SP,BRA,26,5,16,11:00,QUI,BRASILEIRO,FAGNER,TITE,EDUARDO BAPTISTA,35.573,"2.059.840,00",1,CORINTHIANS,NORTE,SUL,"1 Kadu (GC), 1 Bruno Henrique, 1 Guilherme",X,3,CORINTHIANS,2,1,0,0,2,1,0,0,ELMO ALVES RESENDE CUNHA,GO,NÃO
70,V,CORINTHIANS,1,0,SANTOS,SANTOS,SP,BRA,1,6,16,21:00,QUA,BRASILEIRO,FAGNER,TITE,DORIVAL JÚNIOR,30.187,"1.460.047,00",1,VISITANTE,NORTE,SUL,1 Giovanni Augusto,X,1,CORINTHIANS,0,1,0,0,0,1,0,0,LEANDRO PEDRO VUADEN,RS,NÃO
71,V,CORINTHIANS,2,1,CORITIBA,CURITIBA,PR,BRA,4,6,16,20:30,SÁB,BRASILEIRO,BRUNO HENRIQUE,TITE,GILSON KLEINA,26.958,"1.312.962,00",1,VISITANTE,NORTE,SUL,"1 André, 1 Uendel",1 Negueba,3,CORINTHIANS,0,2,0,1,0,2,1,0,ANDERSON DARONCO,RS,NÃO
72,V,CORINTHIANS,3,1,BOTAFOGO,RIO DE JANEIRO,RJ,BRA,19,6,16,16:00,DOM,BRASILEIRO,FAGNER,FÁBIO CARILLE,RICARDO GOMES,34.747,"2.023.396,50",1,VISITANTE,NORTE,SUL,"2 Bruno Henrique, 1 Marquinhos Gabriel",1 Leandrinho,4,CORINTHIANS,1,2,0,1,1,2,1,0,RODOLPHO TOSKI MARQUES,PR,NÃO
73,V,CORINTHIANS,2,1,SANTA CRUZ,RECIFE,PE,BRA,25,6,16,21:00,SÁB,BRASILEIRO,FAGNER,CRISTÓVÃO BORGES,MILTON MENDES,25.501,"1.384.144,00",1,VISITANTE,NORTE,SUL,"1 Luciano, 1 Romero",1 Grafite,3,CORINTHIANS,2,0,1,0,2,0,0,1,WAGNER DO NASCIMENTO MAGALHÃES,RJ,NÃO
74,V,CORINTHIANS,4,0,FLAMENGO,RIO DE JANEIRO,RJ,BRA,3,7,16,16:00,DOM,BRASILEIRO,FAGNER,CRISTÓVÃO BORGES,ZÉ RICARDO,32.577,"2.025.123,50",1,CORINTHIANS,NORTE,SUL,"2 Romero, 1 Guilherme, 1 Rildo",X,4,CORINTHIANS,0,4,0,0,0,4,0,0,HEBER ROBERTO LOPES,SC,NÃO
75,E,CORINTHIANS,1,1,SÃO PAULO,SÃO PAULO,SP,BRA,17,7,16,16:00,DOM,BRASILEIRO,FAGNER,CRISTÓVÃO BORGES,EDGARDO BAUZA,42.099,"2.620.166,00",1,VISITANTE,NORTE,SUL,1 Bruno Henrique,1 Cueva,2,VISITANTE,1,0,0,1,1,0,1,0,PÉRICLES BASSOLS,PE,NÃO
76,E,CORINTHIANS,1,1,FIGUEIRENSE,FLORIANÓPOLIS,SC,BRA,23,7,16,16:00,SÁB,BRASILEIRO,BRUNO HENRIQUE,CRISTÓVÃO BORGES,ARGEL FUCKS,38.507,"2.513.051,50",1,CORINTHIANS,SUL,NORTE,1 Danilo,1 Dodô,2,VISITANTE,1,0,0,1,0,1,0,1,MARIELSON ALVES SILVA,BA,NÃO
77,V,CORINTHIANS,2,1,VITÓRIA,SALVADOR,BA,BRA,22,8,16,20:00,SEG,BRASILEIRO,ELIAS,CRISTÓVÃO BORGES,VAGNER MANCINI,20.207,"930.524,00",1,VISITANTE,NORTE,SUL,"1 Marlone, 1 Marquinhos Gabriel",1 Yago (GC),3,VISITANTE,0,2,0,1,0,2,1,0,BRUNO ARLEU DE ARAÚJO,RJ,NÃO
78,V,CORINTHIANS,3,0,SPORT,RECIFE,PE,BRA,8,9,16,19:30,QUI,BRASILEIRO,UENDEL,CRISTÓVÃO BORGES,OSWALDO DE OLIVEIRA,24.360,"1.163.355,50",1,VISITANTE,NORTE,SUL,"1 Rodriguinho, 1 Léo Príncipe, 1 Vilson",X,3,CORINTHIANS,0,3,0,0,0,3,0,0,JOÃO BATISTA DE ARRUDA,RJ,NÃO
79,D,CORINTHIANS,0,2,PALMEIRAS,SÃO PAULO,SP,BRA,17,9,16,16:00,SÁB,BRASILEIRO,RODRIGUINHO,CRISTÓVÃO BORGES,CUCA,40.173,"2.344.829,00",1,VISITANTE,SUL,NORTE,X,"1 Moisés Ribeiro, 1 Yerry Mina",2,VISITANTE,0,0,1,1,0,0,1,1,HEBER ROBERTO LOPES,SC,NÃO
80,V,CORINTHIANS,1,0,FLUMINENSE,RIO DE JANEIRO,RJ,BRA,21,9,16,21:45,QUA,COPA DO BRASIL,FAGNER,FÁBIO CARILLE,LEVIR CULPI,20.614,"1.103.889,50",1,CORINTHIANS,NORTE,SUL,1 Rodriguinho,X,1,CORINTHIANS,0,1,0,0,0,1,0,0,RODOLPHO TOSKI MARQUES,PR,NÃO
81,D,CORINTHIANS,0,1,FLUMINENSE,RIO DE JANEIRO,RJ,BRA,25,9,16,16:00,DOM,BRASILEIRO,FAGNER,FÁBIO CARILLE,LEVIR CULPI,18.838,"914.004,50",1,CORINTHIANS,NORTE,SUL,X,1 Cícero,1,VISITANTE,0,0,1,0,0,0,0,1,ANDERSON DARONCO,RS,NÃO
82,V,CORINTHIANS,2,1,CRUZEIRO,BELO HORIZONTE,MG,BRA,28,9,16,21:45,QUA,COPA DO BRASIL,RODRIGUINHO,FÁBIO CARILLE,MANO MENEZES,18.796,"961.342,00",1,CORINTHIANS,SUL,NORTE,"1 Léo (GC), 1 Romero",1 Robinho,3,CORINTHIANS,2,0,0,1,0,2,0,1,EDUARDO TOMAZ DE AQUINO VALADÃO,GO,NÃO
83,E,CORINTHIANS,0,0,ATLÉTICO (MG),BELO HORIZONTE,MG,BRA,5,10,16,21:00,QUA,BRASILEIRO,RODRIGUINHO,FÁBIO CARILLE,MARCELO OLIVEIRA,17.135,"760.443,00",1,VISITANTE,NORTE,SUL,X,X,0,X,0,0,0,0,0,0,0,0,RODOLPHO TOSKI MARQUES,PR,NÃO
84,V,CORINTHIANS,2,0,AMÉRICA (MG),BELO HORIZONTE,MG,BRA,16,10,16,18:30,DOM,BRASILEIRO,FAGNER,OSWALDO DE OLIVEIRA,ENDERSON MOREIRA,25.741,"1.285.708,00",1,CORINTHIANS,NORTE,SUL,"1 Romero, 1 Rodriguinho",X,2,CORINTHIANS,2,0,0,0,2,0,0,0,DEWSON FERNANDO SILVA,PA,NÃO
85,E,CORINTHIANS,1,1,CHAPECOENSE,CHAPECÓ,SC,BRA,29,10,16,16:30,SÁB,BRASILEIRO,VILSON,OSWALDO DE OLIVEIRA,CAIO JÚNIOR,25.064,"1.247.140,00",1,VISITANTE,NORTE,SUL,1 Giovanni Augusto,1 Bruno Rangel,2,CORINTHIANS,0,1,1,0,0,1,0,1,JEAN PIERRE LIMA,RS,NÃO
86,V,CORINTHIANS,1,0,INTERNACIONAL,PORTO ALEGRE,RS,BRA,21,11,16,20:00,SEG,BRASILEIRO,VILSON,OSWALDO DE OLIVEIRA,LISCA,19.493,"907.361,50",1,CORINTHIANS,NORTE,SUL,1 Marlone,X,1,CORINTHIANS,0,1,0,0,0,1,0,0,RODOLPHO TOSKI MARQUES,PR,NÃO
87,E,CORINTHIANS,0,0,ATHLETICO,CURITIBA,PR,BRA,26,11,16,21:00,SÁB,BRASILEIRO,RODRIGUINHO,OSWALDO DE OLIVEIRA,PAULO AUTUORI,24.701,"1.291.293,00",1,CORINTHIANS,SUL,NORTE,X,X,0,X,0,0,0,0,0,0,0,0,LEANDRO PEDRO VUADEN,RS,NÃO
88,V,CORINTHIANS,1,0,FERROVIÁRIA,ARARAQUARA,SP,BRA,1,2,17,21:45,QUA,AMISTOSO,BALBUENA,FÁBIO CARILLE,ANTONIO PICOLI,21.956,"365.603,00",1,CORINTHIANS,NORTE,SUL,1 Marquinhos Gabriel,X,1,CORINTHIANS,0,1,0,0,0,1,0,0,LEANDRO BIZZIO MARINHO,SP,NÃO
89,D,CORINTHIANS,0,2,SANTO ANDRÉ,SANTO ANDRÉ,SP,BRA,11,2,17,21:00,SÁB,PAULISTA,JÔ,FÁBIO CARILLE,TONINHO CECÍLIO,18.046,"798.997,30",1,CORINTHIANS,SUL,NORTE,X,"1 Edmilson, 1 Claudinho",2,VISITANTE,0,0,1,1,0,0,1,1,SALIM FENDE CHAVEZ,SP,NÃO
90,V,CORINTHIANS,1,0,GRÊMIO NOVORIZONTINO,NOVO HORIZONTE,SP,BRA,15,2,17,19:30,QUA,PAULISTA,RODRIGUINHO,FÁBIO CARILLE,JÚNIOR ROCHA,11.708,"473.376,10",1,CORINTHIANS,SUL,NORTE,1 Pablo,X,1,CORINTHIANS,0,1,0,0,1,0,0,0,FLÁVIO RODRIGUES DE SOUZA,SP,NÃO
91,V,CORINTHIANS,1,0,PALMEIRAS,SÃO PAULO,SP,BRA,22,2,17,21:45,QUA,PAULISTA,FAGNER,FÁBIO CARILLE,EDUARDO BAPTISTA,30.707,"1.535.887,00",1,VISITANTE,NORTE,SUL,1 Jô,X,1,CORINTHIANS,0,1,0,0,0,1,0,0,THIAGO DUARTE PEIXOTO,SP,NÃO
92,V,CORINTHIANS,1,0,SANTOS,SANTOS,SP,BRA,4,3,17,18:30,SÁB,PAULISTA,FAGNER,FÁBIO CARILLE,DORIVAL JÚNIOR,36.111,"1.991.856,80",1,VISITANTE,NORTE,SUL,1 Jô,X,1,CORINTHIANS,0,1,0,0,0,1,0,0,LEANDRO BIZZIO MARINHO,SP,NÃO
93,E,CORINTHIANS,1,1,LUVERDENSE,LUCAS DO RIO VERDE,MT,BRA,16,3,17,19:30,QUI,COPA DO BRASIL,GABRIEL,FÁBIO CARILLE,ODIL SOARES,25.082,"941.324,10",1,CORINTHIANS,NORTE,SUL,1 Jô,1 Ricardo,2,CORINTHIANS,1,0,1,0,1,0,0,1,PAULO HENRIQUE SHCLEICH VOLKOPF,SP,NÃO
94,E,CORINTHIANS,1,1,RED BULL,CAMPINAS,SP,BRA,23,3,17,17:00,QUI,PAULISTA,RODRIGUINHO,FÁBIO CARILLE,ALBERTO VALENTIM,16.861,"675.886,90",1,VISITANTE,NORTE,SUL,1 Maycon,1 Guilherme Lazaroni,2,CORINTHIANS,0,1,1,0,0,1,0,1,SALIM FENDE CHAVEZ,SP,NÃO
95,V,CORINTHIANS,3,1,LINENSE,LINS,SP,BRA,29,3,17,21:45,QUA,PAULISTA,JÔ,FÁBIO CARILLE,MÁRCIO FERNANDES,12.159,"471.297,90",1,CORINTHIANS,SUL,NORTE,"1 Léo Jabá, 1 Jadson, 1 Romero",1 Thiago Humberto,4,CORINTHIANS,1,2,0,1,2,1,0,1,JOSÉ CLÁUDIO ROCHA FILHO,SP,NÃO
96,V,CORINTHIANS,2,0,UNIVERSIDAD DE CHILE,SANTIAGO,CHI,CHI,5,4,17,21:45,QUA,SULAMERICANA,BALBUENA,FÁBIO CARILLE,GUILLERMO HOYOS,22.661,"982.780,90",1,VISITANTE,SUL,NORTE,"1 Rodriguinho, 1 Jadson",X,2,CORINTHIANS,1,1,0,0,1,1,0,0,DARÍO HERRERA,ARG,NÃO
97,V,CORINTHIANS,1,0,BOTAFOGO (SP),RIBEIRÃO PRETO,SP,BRA,9,4,17,16:00,DOM,PAULISTA,CÁSSIO,FÁBIO CARILLE,MOACIR JÚNIOR,33.491,"1.681.481,10",1,CORINTHIANS,SUL,NORTE,1 Rodriguinho,X,1,CORINTHIANS,0,1,0,0,1,0,0,0,MARCELO APARECIDO RIBEIRO DE SOUZA,SP,NÃO
98,E,CORINTHIANS,1,1,INTERNACIONAL,PORTO ALEGRE,RS,BRA,19,4,17,21:45,QUA,COPA DO BRASIL,BALBUENA,FÁBIO CARILLE,ANTÔNIO ZAGO,32.352,"1.639.381,20",1,CORINTHIANS,NORTE,SUL,1 Maycon,1 Fagner (GC),2,CORINTHIANS,1,0,1,0,1,0,0,1,MARCELO DE LIMA HENRIQUE,RJ,NÃO
99,E,CORINTHIANS,1,1,SÃO PAULO,SÃO PAULO,SP,BRA,23,4,17,16:00,DOM,PAULISTA,FAGNER,FÁBIO CARILLE,ROGÉRIO CENI,43.008,"2.667.936,30",1,CORINTHIANS,NORTE,SUL,1 Jô,1 Lucas Pratto,2,CORINTHIANS,1,0,1,0,1,0,0,1,FLÁVIO RODRIGUES DE SOUZA,SP,NÃO
100,E,CORINTHIANS,1,1,PONTE PRETA,CAMPINAS,SP,BRA,7,5,17,16:00,DOM,PAULISTA,CÁSSIO,FÁBIO CARILLE,GILSON KLEINA,46.017,"2.792.212,60",1,VISITANTE,NORTE,SUL,1 Romero,1 Marllon,2,CORINTHIANS,0,1,1,0,0,1,0,1,LEANDRO BIZZIO MARINHO,SP,NÃO
101,E,CORINTHIANS,1,1,CHAPECOENSE,CHAPECÓ,SC,BRA,13,5,17,19:00,SÁB,BRASILEIRO,RODRIGUINHO,FÁBIO CARILLE,VAGNER MANCINI,31.470,"1.477.730,80",1,VISITANTE,NORTE,SUL,1 Jô,1 Wellington Paulista,2,CORINTHIANS,1,0,1,0,1,0,0,1,ELMO ALVES RESENDE CUNHA,GO,NÃO
102,V,CORINTHIANS,2,0,SANTOS,SANTOS,SP,BRA,3,6,17,19:00,SÁB,BRASILEIRO,JÔ,FÁBIO CARILLE,DORIVAL JÚNIOR,40.169,"2.110.601,50",1,CORINTHIANS,NORTE,SUL,"1 Romero, 1 Jô",X,2,CORINTHIANS,0,2,0,0,0,2,0,0,ANDERSON DARONCO,RS,NÃO
103,V,CORINTHIANS,3,2,SÃO PAULO,SÃO PAULO,SP,BRA,11,6,17,16:00,DOM,BRASILEIRO,CÁSSIO,FÁBIO CARILLE,ROGÉRIO CENI,42.443,"2.386.356,40",1,CORINTHIANS,NORTE,SUL,"1 Romero, 1 Gabriel, 1 Jadson","1 Gilberto, 1 Wellington Nem",5,CORINTHIANS,2,1,1,1,2,1,1,1,RICARDO MARQUES RIBEIRO,MG,NÃO
104,V,CORINTHIANS,1,0,CRUZEIRO,BELO HORIZONTE,MG,BRA,14,6,17,21:45,QUA,BRASILEIRO,BALBUENA,FÁBIO CARILLE,MANO MENEZES,30.465,"1.462.205,40",1,CORINTHIANS,SUL,NORTE,1 Balbuena,X,1,CORINTHIANS,0,1,0,0,1,0,0,0,LEANDRO PEDRO VUADEN,RS,NÃO
105,V,CORINTHIANS,3,0,BAHIA,SALVADOR,BA,BRA,22,6,17,19:30,QUI,BRASILEIRO,FAGNER,FÁBIO CARILLE,JORGINHO,34.250,"1.504.387,20",1,CORINTHIANS,SUL,NORTE,"1 Jô, 1 Balbuena, 1 Marquinhos Gabriel",X,3,CORINTHIANS,2,1,0,0,1,2,0,0,DEWSON FERNANDO SILVA,PA,NÃO
106,V,CORINTHIANS,1,0,BOTAFOGO,RIO DE JANEIRO,RJ,BRA,2,7,17,16:00,DOM,BRASILEIRO,CÁSSIO,FÁBIO CARILLE,JAIR VENTURA,40.341,"2.235.726,90",1,VISITANTE,NORTE,SUL,1 Jô,X,1,CORINTHIANS,0,1,0,0,0,1,0,0,RODOLPHO TOSKI MARQUES,PR,NÃO
107,V,CORINTHIANS,2,0,PONTE PRETA,CAMPINAS,SP,BRA,8,7,17,19:00,SÁB,BRASILEIRO,JADSON,FÁBIO CARILLE,GILSON KLEINA,32.877,"1.974.902,30",1,VISITANTE,NORTE,SUL,"1 Jadson, 1 Jô",X,2,CORINTHIANS,1,1,0,0,1,1,0,0,RICARDO MARQUES RIBEIRO,MG,NÃO
108,E,CORINTHIANS,2,2,ATHLETICO,CURITIBA,PR,BRA,15,7,17,19:00,SÁB,BRASILEIRO,JÔ,FÁBIO CARILLE,KELLY GUIMARÃES,41.201,"2.403.003,90",1,VISITANTE,NORTE,SUL,2 Jô,"1 Jonathan, 1 Otávio",4,VISITANTE,1,1,1,1,1,1,1,1,SANDRO MEIRA RICCI,SC,NÃO
109,V,CORINTHIANS,2,0,PATRIOTAS,TUNJA,COL,COL,26,7,17,21:45,QUA,SULAMERICANA,BALBUENA,FÁBIO CARILLE,DIEGO CORREDOR,34.472,"1.593.595,90",1,CORINTHIANS,NORTE,SUL,"1 Balbuena, 1 Pedrinho",X,2,CORINTHIANS,1,1,0,0,1,1,0,0,ROBERTO TOBAR,CHI,NÃO
110,E,CORINTHIANS,1,1,FLAMENGO,RIO DE JANEIRO,RJ,BRA,30,7,17,16:00,DOM,BRASILEIRO,JÔ,FÁBIO CARILLE,ZÉ RICARDO,44.682,"2.823.378,00",1,CORINTHIANS,SUL,NORTE,1 Jô,1 Réver,2,CORINTHIANS,0,1,0,1,1,0,0,1,RICARDO MARQUES RIBEIRO,MG,NÃO
111,V,CORINTHIANS,3,1,SPORT,RECIFE,PE,BRA,5,8,17,19:00,SÁB,BRASILEIRO,FAGNER,FÁBIO CARILLE,LUXEMBURGO,41.279,"2.446.519,40",1,VISITANTE,SUL,NORTE,"1 Guilherme Arana, 1 Rodriguinho, 1 Pedro Henrique",1 Thallyson,4,CORINTHIANS,2,1,0,2,1,2,0,1,WAGNER REWAY,MT,NÃO
112,D,CORINTHIANS,0,1,VITÓRIA,SALVADOR,BA,BRA,19,8,17,16:00,SÁB,BRASILEIRO,JÔ,FÁBIO CARILLE,VAGNER MANCINI,42.075,"2.580.574,90",1,VISITANTE,NORTE,SUL,X,1 Tréllez,1,VISITANTE,0,0,0,1,0,0,1,0,EDUARDO TOMAZ DE AQUINO VALADÃO,GO,NÃO
113,D,CORINTHIANS,0,1,ATLÉTICO (GO),GOIÂNIA,GO,BRA,26,8,17,19:00,SÁB,BRASILEIRO,FAGNER,FÁBIO CARILLE,JOÃO PAULO SANCHES,40.581,"2.405.425,90",1,VISITANTE,NORTE,SUL,X,1 Gilvan,1,VISITANTE,0,0,1,0,0,0,0,1,PÉRICLES BASSOLS,PE,NÃO
114,E,CORINTHIANS,1,1,RACING,AVELLANEDA,ARG,ARG,13,9,17,21:45,QUA,SULAMERICANA,BALBUENA,FÁBIO CARILLE,DIEGO COCCA,25.451,"1.309.947,50",1,VISITANTE,NORTE,SUL,1 Maycon,1 Enrique Triverio,2,CORINTHIANS,1,0,1,0,1,0,0,1,ÉBER AQUINO,PAR,NÃO
115,V,CORINTHIANS,1,0,VASCO DA GAMA,RIO DE JANEIRO,RJ,BRA,17,9,17,16:00,DOM,BRASILEIRO,JÔ,FÁBIO CARILLE,ZÉ RICARDO,41.235,"2.436.134,70",1,CORINTHIANS,SUL,NORTE,1 Jô,X,1,CORINTHIANS,1,0,0,0,0,1,0,0,ELMO ALVES RESENDE CUNHA,GO,NÃO
116,V,CORINTHIANS,3,1,CORITIBA,CURITIBA,PR,BRA,11,10,17,21:00,QUA,BRASILEIRO,BALBUENA,FÁBIO CARILLE,MARCELO OLIVEIRA,36.439,"1.872.944,00",1,VISITANTE,NORTE,SUL,"1 Jô, 2 Clayson",1 Henrique Almeida,4,CORINTHIANS,1,2,0,1,1,2,1,0,CLAUDIO FRANCISCO LIMA E SILVA,SE,NÃO
117,E,CORINTHIANS,0,0,GRÊMIO,PORTO ALEGRE,RS,BRA,18,10,17,21:45,QUA,BRASILEIRO,RODRIGUINHO,FÁBIO CARILLE,RENATO GAÚCHO,40.008,"2.231.124,00",1,VISITANTE,NORTE,SUL,X,X,0,X,0,0,0,0,0,0,0,0,HEBER ROBERTO LOPES,SC,NÃO
118,V,CORINTHIANS,3,2,PALMEIRAS,SÃO PAULO,SP,BRA,5,11,17,17:00,DOM,BRASILEIRO,BALBUENA,FÁBIO CARILLE,ALBERTO VALENTIM,46.090,"2.908.847,10",1,CORINTHIANS,SUL,NORTE,"1 Romero, 1 Balbuena, 1 Jô","1 Yerry Mina, 1 Moisés Ribeiro",5,CORINTHIANS,0,3,1,1,3,0,1,1,ANDERSON DARONCO,RS,NÃO
119,V,CORINTHIANS,1,0,AVAÍ,FLORIANÓPOLIS,SC,BRA,11,11,17,19:00,SÁB,BRASILEIRO,BALBUENA,FÁBIO CARILLE,CLAUDINEI OLIVEIRA,42.732,"2.739.920,90",1,CORINTHIANS,NORTE,SUL,1 Kazim,X,1,CORINTHIANS,0,1,0,0,0,1,0,0,DEWSON FERNANDO SILVA,PA,NÃO
120,V,CORINTHIANS,3,1,FLUMINENSE,RIO DE JANEIRO,RJ,BRA,15,11,17,21:45,QUA,BRASILEIRO,FAGNER,FÁBIO CARILLE,ABEL BRAGA,45.775,"2.882.688,00",1,VISITANTE,NORTE,SUL,"2 Jô, 1 Jadson",1 Henrique,4,VISITANTE,0,3,0,1,0,3,1,0,BRAULIO DA SILVA MACHADO,SC,NÃO
121,E,CORINTHIANS,2,2,ATLÉTICO (MG),BELO HORIZONTE,MG,BRA,26,11,17,17:00,DOM,BRASILEIRO,CÁSSIO,FÁBIO CARILLE,OSWALDO DE OLIVEIRA,46.030,"2.892.594,20",1,CORINTHIANS,SUL,NORTE,"1 Jadson, 1 Marquinhos Gabriel","1 Otero, Fred",4,VISITANTE,1,1,1,1,1,1,1,1,WAGNER DO NASCIMENTO MAGALHÃES,RJ,NÃO
122,D,CORINTHIANS,0,1,SÃO BENTO,SOROCABA,SP,BRA,14,2,18,21:45,QUA,PAULISTA,CÁSSIO,FÁBIO CARILLE,PAULO ROBERTO SANTOS,14.493,"603.122,90",1,VISITANTE,NORTE,SUL,X,1 João Paulo,1,VISITANTE,0,0,0,1,0,0,1,0,FLÁVIO RODRIGUES DE SOUZA,SP,NÃO
123,V,CORINTHIANS,2,0,PALMEIRAS,SÃO PAULO,SP,BRA,24,2,18,17:00,SÁB,PAULISTA,FAGNER,FÁBIO CARILLE,ROGER MACHADO,42.178,"2.476.111,10",1,VISITANTE,NORTE,SUL,"1 Rodriguinho, 1 Clayson",X,2,CORINTHIANS,1,1,0,0,1,1,0,0,RAPHAEL CLAUS,SP,NÃO
124,V,CORINTHIANS,1,0,MIRASSOL,MIRASSOL,SP,BRA,7,3,18,21:45,QUA,PAULISTA,RODRIGUINHO,FÁBIO CARILLE,MOISÉS EGERT,15.144,"611.717,50",1,VISITANTE,NORTE,SUL,1 Emerson,X,1,CORINTHIANS,0,1,0,0,0,1,0,0,VINÍCIUS GONÇALVES DIAS ARAÚJO,SP,NÃO
125,V,CORINTHIANS,2,0,DEPORTIVO LARA,CABUDARE,VEN,VEN,14,3,18,21:45,QUA,LIBERTADORES,BALBUENA,FÁBIO CARILLE,LEONARDO GONZÁLEZ,31.524,"2.095.062,95",1,VISITANTE,NORTE,SUL,"1 Emerson, 1 Henry Pernía (GC)",X,2,CORINTHIANS,0,2,0,0,0,2,0,0,RAÚL OROSCO,BOL,NÃO
126,V,CORINTHIANS,2,0,BRAGANTINO,BRAGANÇA PAULISTA,SP,BRA,22,3,18,20:00,QUI,PAULISTA,BALBUENA,FÁBIO CARILLE,MARCELO VEIGA,32.930,"1.554.163,80",1,CORINTHIANS,SUL,NORTE,"1 Sidcley, 1 Maycon",X,2,CORINTHIANS,0,2,0,0,2,0,0,0,VINÍCIUS GONÇALVES DIAS ARAÚJO,SP,NÃO
127,V,CORINTHIANS,1,0,SÃO PAULO,SÃO PAULO,SP,BRA,28,3,18,21:45,QUA,PAULISTA,EMERSON,FÁBIO CARILLE,DIEGO AGUIRRE,43.062,"2.603.440,11",1,CORINTHIANS,NORTE,SUL,1 Rodriguinho,X,1,CORINTHIANS,0,1,0,0,0,1,0,0,VINÍCIUS GONÇALVES DIAS ARAÚJO,SP,NÃO
128,D,CORINTHIANS,0,1,PALMEIRAS,SÃO PAULO,SP,BRA,31,3,18,16:30,SÁB,PAULISTA,BALBUENA,FÁBIO CARILLE,ROGER MACHADO,43.535,"3.182.923,66",1,CORINTHIANS,SUL,NORTE,X,1 Miguel Borja,1,VISITANTE,0,0,1,0,0,0,1,0,LEANDRO BIZZIO MARINHO,SP,NÃO
129,V,CORINTHIANS,2,1,FLUMINENSE,RIO DE JANEIRO,RJ,BRA,15,4,18,16:00,DOM,BRASILEIRO,FAGNER,FÁBIO CARILLE,ABEL BRAGA,28.777,"1.372.018,07",1,CORINTHIANS,SUL,NORTE,2 Rodriguinho,1 Richard,3,CORINTHIANS,1,1,0,1,1,1,0,1,ANDERSON DARONCO,RS,NÃO
130,D,CORINTHIANS,1,2,INDEPENDIENTE,AVELLANEDA,ARG,ARG,2,5,18,21:45,QUA,LIBERTADORES,BALBUENA,FÁBIO CARILLE,ARIEL HOLAN,34.287,"2.415.956,35",1,CORINTHIANS,SUL,NORTE,1 Jadson,"1 Martín Benítez, 1 Romero (GC)",3,VISITANTE,0,1,2,0,1,0,2,0,VICTOR CARRILO,PER,NÃO
131,E,CORINTHIANS,1,1,CEARÁ,FORTALEZA,CE,BRA,6,5,18,11:00,DOM,BRASILEIRO,HENRIQUE,FÁBIO CARILLE,MARCELO CHAMUSCA,40.350,"2.416.706,37",1,CORINTHIANS,SUL,NORTE,1 Henrique,1 Wescley,2,VISITANTE,0,1,1,0,1,0,1,0,SAVIO PEREIRA SAMPAIO,DF,NÃO
132,V,CORINTHIANS,3,1,VITÓRIA,SALVADOR,BA,BRA,10,5,18,19:30,QUI,COPA DO BRASIL,CÁSSIO,FÁBIO CARILLE,VAGNER MANCINI,29.625,"1.280.969,60",1,CORINTHIANS,NORTE,SUL,"1 Maycon, 2 Romero",1 André Lima,4,CORINTHIANS,1,2,1,0,1,2,0,1,SANDRO MEIRA RICCI,PR,NÃO
133,V,CORINTHIANS,1,0,PALMEIRAS,SÃO PAULO,SP,BRA,13,5,18,16:00,DOM,BRASILEIRO,JADSON,FÁBIO CARILLE,ROGER MACHADO,34.967,"2.006.830,27",1,VISITANTE,SUL,NORTE,1 Rodriguinho,X,1,CORINTHIANS,0,1,0,0,1,0,0,0,ANDERSON DARONCO,RS,NÃO
134,D,CORINTHIANS,0,1,MILLONARIOS,BOGOTÁ,COL,COL,24,5,18,21:30,QUI,LIBERTADORES,BALBUENA,OSMAR LOSS,MIGUEL ÁNGEL RUSSO,30.340,"2.044.105,52",1,VISITANTE,NORTE,SUL,X,1 César Carrillo,1,VISITANTE,0,0,1,0,0,0,0,1,DIEGO HARO,PER,NÃO
135,V,CORINTHIANS,1,0,AMÉRICA (MG),BELO HORIZONTE,MG,BRA,31,5,18,18:00,QUI,BRASILEIRO,RODRIGUINHO,OSMAR LOSS,ENDERSON MOREIRA,34.921,"1.815.526,97",1,CORINTHIANS,NORTE,SUL,1 Jadson,X,1,CORINTHIANS,0,1,0,0,0,1,0,0,GRAZIANNI MACIEL ROCHA,RJ,NÃO
136,E,CORINTHIANS,1,1,SANTOS,SANTOS,SP,BRA,6,6,18,21:00,QUA,BRASILEIRO,BALBUENA,OSMAR LOSS,JAIR VENTURA,27.586,"1.249.919,56",1,VISITANTE,NORTE,SUL,1 Roger,1 Victor Ferraz,2,CORINTHIANS,0,1,1,0,0,1,0,1,RICARDO MARQUES RIBEIRO,MG,NÃO
137,E,CORINTHIANS,0,0,VITÓRIA,SALVADOR,BA,BRA,9,6,18,21:00,SÁB,BRASILEIRO,RODRIGUINHO,OSMAR LOSS,VAGNER MANCINI,27.744,"1.212.745,36",1,VISITANTE,NORTE,SUL,X,X,0,X,0,0,0,0,0,0,0,0,PÉRICLES BASSOLS,RJ,NÃO
138,V,CORINTHIANS,2,1,GRÊMIO,PORTO ALEGRE,RS,BRA,8,7,18,11:00,DOM,AMISTOSO,RODRIGUINHO,OSMAR LOSS,RENATO GAÚCHO,27.418,"659.436,90",1,VISITANTE,NORTE,SUL,"1 Matheus Matias, 1 Marquinhos Gabriel",1 Léo Moura,3,VISITANTE,0,2,0,1,0,2,1,0,BRUNO SALGADO RIZZO,SP,NÃO
139,E,CORINTHIANS,2,2,CRUZEIRO,BELO HORIZONTE,MG,BRA,11,7,18,20:00,QUA,AMISTOSO,CÁSSIO,OSMAR LOSS,MANO MENEZES,36.830,"504.421,80",1,VISITANTE,NORTE,SUL,"1 Paulo Roberto, 1 Pedrinho","1 Henrique, 1 Rafael Sóbis",4,VISITANTE,1,1,0,2,1,1,2,0,LUCAS CANETTO BELLOTE,SP,NÃO
140,V,CORINTHIANS,2,0,BOTAFOGO,RIO DE JANEIRO,RJ,BRA,18,7,18,21:45,QUA,BRASILEIRO,FAGNER,OSMAR LOSS,MARCOS PAQUETÁ,19.830,"813.687,13",1,VISITANTE,NORTE,SUL,"1 Rodriguinho, 1 Romero",X,2,CORINTHIANS,1,1,0,0,1,1,0,0,RODRIGO D'ALONSO FERREIRA,SC,NÃO
141,V,CORINTHIANS,2,0,CRUZEIRO,BELO HORIZONTE,MG,BRA,25,7,18,21:45,QUA,BRASILEIRO,JADSON,OSMAR LOSS,MANO MENEZES,21.031,"840.676,01",1,CORINTHIANS,NORTE,SUL,2 Romero,X,2,CORINTHIANS,0,2,0,0,0,2,0,0,PAULO ROBERTO ALVES JÚNIOR,PR,NÃO
142,V,CORINTHIANS,1,0,CHAPECOENSE,CHAPECÓ,SC,BRA,1,8,18,21:45,QUA,COPA DO BRASIL,CÁSSIO,OSMAR LOSS,GILSON KLEINA,23.624,"931.506,17",1,CORINTHIANS,SUL,NORTE,1 Romero,X,1,CORINTHIANS,0,1,0,0,1,0,0,0,WAGNER DO NASCIMENTO MAGALHÃES,RJ,SIM
143,E,CORINTHIANS,0,0,ATHLETICO,CURITIBA,PR,BRA,4,8,18,21:00,SÁB,BRASILEIRO,HENRIQUE,OSMAR LOSS,TIAGO NUNES,28.455,"1.087.600,64",1,VISITANTE,NORTE,SUL,X,X,0,X,0,0,0,0,0,0,0,0,PÉRICLES BASSOLS,PE,NÃO
144,D,CORINTHIANS,0,1,GRÊMIO,PORTO ALEGRE,RS,BRA,18,8,18,19:00,SÁB,BRASILEIRO,HENRIQUE,OSMAR LOSS,RENATO GAÚCHO,32.583,"1.620.165,44",1,CORINTHIANS,NORTE,SUL,X,1 Everton,1,VISITANTE,0,0,1,0,0,0,0,1,WAGNER REWAY,MT,NÃO
145,V,CORINTHIANS,1,0,PARANÁ,CURITIBA,PR,BRA,25,8,18,19:00,SÁB,BRASILEIRO,CÁSSIO,OSMAR LOSS,CLAUDINEI OLIVEIRA,28.136,"1.019.205,58",1,CORINTHIANS,NORTE,SUL,1 Henrique,X,1,CORINTHIANS,1,0,0,0,1,0,0,0,ANDRÉ LUIZ DE FREITAS CASTRO,GO,NÃO
146,V,CORINTHIANS,2,1,COLO COLO,SANTIAGO,CHI,CHI,29,8,18,21:45,QUA,LIBERTADORES,ROMERO,OSMAR LOSS,GUALBERTO JARA,38.112,"2.736.246,58",1,CORINTHIANS,SUL,NORTE,"1 Jadson, 1 Roger",1 Lucas Barrios,3,CORINTHIANS,1,1,1,0,1,1,1,0,NÉSTOR PITANA,ARG,NÃO
147,E,CORINTHIANS,1,1,ATLÉTICO (MG),BELO HORIZONTE,MG,BRA,1,9,18,21:00,SÁB,BRASILEIRO,GABRIEL,OSMAR LOSS,THIAGO LARGHI,29.371,"1.059.954,90",1,CORINTHIANS,SUL,NORTE,1 Pedrinho,1 Fábio Santos,2,CORINTHIANS,0,1,1,0,1,0,1,0,WAGNER DO NASCIMENTO MAGALHÃES,RJ,NÃO
148,V,CORINTHIANS,2,1,SPORT,RECIFE,PE,BRA,16,9,18,19:00,DOM,BRASILEIRO,CÁSSIO,JAIR VENTURA,EDUARDO BAPTISTA,20.901,"731.299,30",1,VISITANTE,NORTE,SUL,"1 Jadson, 1 Danilo Avelar",1 Hernane,3,VISITANTE,0,2,0,1,0,2,1,0,RODRIGO D'ALONSO FERREIRA,SC,NÃO
149,E,CORINTHIANS,1,1,INTERNACIONAL,PORTO ALEGRE,RS,BRA,23,9,18,16:00,DOM,BRASILEIRO,CÁSSIO,JAIR VENTURA,ODAIR HELLMANN,26.916,"1.149.396,60",1,CORINTHIANS,NORTE,SUL,1 Douglas,1 Leandro Damião,2,VISITANTE,0,1,0,1,0,1,1,0,EDUARDO TOMAZ DE AQUINO VALADÃO,GO,NÃO
150,V,CORINTHIANS,2,1,FLAMENGO,RIO DE JANEIRO,RJ,BRA,26,9,18,21:45,QUA,COPA DO BRASIL,CÁSSIO,JAIR VENTURA,MAURICIO BARBIERI,44.249,"3.663.322,30",1,CORINTHIANS,SUL,NORTE,"1 Danilo Avelar, 1 Pedrinho",1 Henrique (GC),3,CORINTHIANS,1,1,1,0,1,1,1,0,RICARDO MARQUES RIBEIRO,MG,SIM
151,D,CORINTHIANS,0,3,FLAMENGO,RIO DE JANEIRO,RJ,BRA,5,10,18,21:00,SEX,BRASILEIRO,CÁSSIO,JAIR VENTURA,DORIVAL JÚNIOR,41.693,"1.381.719,00",3,CORINTHIANS,SUL,NORTE,X,"2 Paquetá, 1 Renê",3,VISITANTE,0,0,0,3,0,0,0,3,PAULO ROBERTO ALVES JÚNIOR,PR,NÃO
152,D,CORINTHIANS,1,2,CRUZEIRO,BELO HORIZONTE,MG,BRA,17,10,18,21:45,QUA,COPA DO BRASIL,CÁSSIO,JAIR VENTURA,MANO MENEZES,45.978,"5.108.151,00",1,CORINTHIANS,NORTE,SUL,1 Jadson,"1 Robinho, 1 De Arrascaeta",3,VISITANTE,0,1,1,1,0,1,1,1,WAGNER DO NASCIMENTO MAGALHÃES,RJ,SIM
153,V,CORINTHIANS,2,1,BAHIA,SALVADOR,BA,BRA,27,10,18,19:00,SÁB,BRASILEIRO,CÁSSIO,JAIR VENTURA,ENDERSON MOREIRA,35.382,"1.116.596,50",1,VISITANTE,NORTE,SUL,2 Danilo,1 Clayton,3,CORINTHIANS,0,2,1,0,0,2,0,1,PÉRICLES BASSOLS,PE,NÃO
154,E,CORINTHIANS,1,1,SÃO PAULO,SÃO PAULO,SP,BRA,10,11,18,17:00,SÁB,BRASILEIRO,CÁSSIO,JAIR VENTURA,DIEGO AGUIRRE,42.845,"1.911.492,99",1,CORINTHIANS,NORTE,SUL,1 Ralf,1 Brenner,2,CORINTHIANS,0,1,1,0,0,1,0,1,RODOLPHO TOSKI MARQUES,PR,NÃO
155,V,CORINTHIANS,1,0,VASCO DA GAMA,RIO DE JANEIRO,RJ,BRA,17,11,18,19:00,SÁB,BRASILEIRO,CÁSSIO,JAIR VENTURA,ALBERTO VALENTIM,38.605,"1.350.667,50",1,CORINTHIANS,SUL,NORTE,1 Mateus Vital,X,1,CORINTHIANS,1,0,0,0,0,1,0,0,WILTON PEREIRA SAMPAIO,GO,NÃO
156,E,CORINTHIANS,0,0,CHAPECOENSE,CHAPECÓ,SC,BRA,25,11,18,19:00,DOM,BRASILEIRO,CÁSSIO,JAIR VENTURA,CLAUDINEI OLIVEIRA,35.888,"1.219.472,00",1,VISITANTE,NORTE,SUL,X,X,0,X,0,0,0,0,0,0,0,0,PAULO ROBERTO ALVES JÚNIOR,PR,NÃO
157,E,CORINTHIANS,1,1,SANTOS,SANTOS,SP,BRA,13,1,19,17:30,DOM,AMISTOSO,CÁSSIO,FÁBIO CARILLE,JORGE SAMPAOLI,32.954,"868.451,00",1,CORINTHIANS,NORTE,SUL,1 Gustavo,1 Pedro Henrique (GC),2,CORINTHIANS,1,0,0,1,1,0,1,0,VINÍCIUS FURLAN,SP,NÃO
158,E,CORINTHIANS,1,1,SÃO CAETANO,SÃO CAETANO,SP,BRA,20,1,19,17:00,DOM,PAULISTA,FAGNER,FÁBIO CARILLE,PINTADO,31.009,"1.203.885,70",1,VISITANTE,NORTE,SUL,1 Henrique,1 Rafael Marques,2,VISITANTE,0,1,0,1,0,1,1,0,FLÁVIO RODRIGUES DE SOUZA,SP,NÃO
159,V,CORINTHIANS,1,0,PONTE PRETA,CAMPINAS,SP,BRA,26,1,19,19:00,SÁB,PAULISTA,CÁSSIO,FÁBIO CARILLE,MAZOLA JÚNIOR,25.865,"954.497,90",1,VISITANTE,NORTE,SUL,1 Gustavo,X,1,CORINTHIANS,0,1,0,0,0,1,0,0,SALIM FENDE CHAVEZ,SP,NÃO
160,D,CORINTHIANS,0,2,RED BULL,CAMPINAS,SP,BRA,30,1,19,19:15,QUA,PAULISTA,HENRIQUE,FÁBIO CARILLE,ANTÔNIO ZAGO,23.641,"753.456,00",1,VISITANTE,NORTE,SUL,X,"1 Ytalo, 1 Bruno Tubarão",2,VISITANTE,0,0,2,0,0,0,0,2,VINÍCIUS FURLAN,SP,NÃO
161,E,CORINTHIANS,1,1,RACING,AVELLANEDA,ARG,ARG,14,2,19,21:30,QUI,SULAMERICANA,RALF,FÁBIO CARILLE,EDUARDO COUDET,23.941,"935.243,00",1,VISITANTE,SUL,NORTE,1 Gustavo,1 Andrés Rios,2,VISITANTE,1,0,1,0,0,1,1,0,VICTOR CARRILO,PER,NÃO
162,V,CORINTHIANS,2,1,SÃO PAULO,SÃO PAULO,SP,BRA,17,2,19,19:00,DOM,PAULISTA,FAGNER,FÁBIO CARILLE,VAGNER MANCINI,42.303,"2.219.753,00",1,VISITANTE,NORTE,SUL,"1 Manoel, 1 Gustavo",1 Pablo,3,CORINTHIANS,1,1,1,0,1,1,0,1,LUCAS CANETTO BELLOTE,SP,NÃO
163,V,CORINTHIANS,4,2,AVENIDA,SANTA CRUZ DO SUL,RS,BRA,20,2,19,21:30,QUA,COPA DO BRASIL,CÁSSIO,FÁBIO CARILLE,FABIANO DAITX,21.120,"664.493,50",1,CORINTHIANS,NORTE,SUL,"1 Henrique, 1 Danilo Avelar, 1 Júnior Urso, 1 Gustavo","1 Flávio Torres, 1 Tito",6,VISITANTE,1,3,2,0,1,3,2,0,CAIO MAX AUGUSTO VIEIRA,RN,NÃO
164,E,CORINTHIANS,0,0,SANTOS,SANTOS,SP,BRA,10,3,19,16:00,DOM,PAULISTA,CÁSSIO,FÁBIO CARILLE,JORGE SAMPAOLI,41.404,"2.197.534,00",1,CORINTHIANS,NORTE,SUL,X,X,0,X,0,0,0,0,0,0,0,0,DOUGLAS MARQUES DAS FLORES,SP,NÃO
165,V,CORINTHIANS,1,0,OESTE,BARUERI,SP,BRA,17,3,19,16:00,DOM,PAULISTA,VAGNER LOVE,FÁBIO CARILLE,RENAN FREITAS,38.340,"1.304.139,00",1,CORINTHIANS,NORTE,SUL,1 Danilo Avelar,X,1,CORINTHIANS,0,1,0,0,0,1,0,0,LUCAS CANETTO BELLOTE,SP,NÃO
166,E,CORINTHIANS,1,1,FERROVIÁRIA,ARARAQUARA,SP,BRA,27,3,19,21:30,QUA,PAULISTA,VAGNER LOVE,FÁBIO CARILLE,VINÍCIUS MUNHOZ,34.232,"1.208.153,00",1,CORINTHIANS,NORTE,SUL,1 Júnior Urso,1 Thiago Santos,2,CORINTHIANS,1,0,1,0,1,0,0,1,LUIZ FLÁVIO DE OLIVEIRA,SP,SIM
167,V,CORINTHIANS,2,1,SANTOS,SANTOS,SP,BRA,31,3,19,16:00,DOM,PAULISTA,FAGNER,FÁBIO CARILLE,JORGE SAMPAOLI,39.919,"2.467.185,50",1,VISITANTE,NORTE,SUL,"1 Manoel, 1 Clayson",1 Derlis González,3,CORINTHIANS,2,0,1,0,2,0,1,0,VINÍCIUS GONÇALVES DIAS ARAÚJO,SP,SIM
168,D,CORINTHIANS,0,1,CEARÁ,FORTALEZA,CE,BRA,3,4,19,21:30,QUA,COPA DO BRASIL,CÁSSIO,FÁBIO CARILLE,LISCA,34.639,"1.241.132,50",1,VISITANTE,NORTE,SUL,X,1 Roger,1,VISITANTE,0,0,1,0,0,0,0,1,RAFAEL TRACI,SC,NÃO
169,V,CORINTHIANS,2,1,SÃO PAULO,SÃO PAULO,SP,BRA,21,4,19,16:00,DOM,PAULISTA,CÁSSIO,FÁBIO CARILLE,CUCA,46.481,"5.014.884,00",1,VISITANTE,NORTE,SUL,"1 Danilo Avelar, 1 Vagner Love",1 Antony,3,CORINTHIANS,1,1,0,1,1,1,1,0,RAPHAEL CLAUS,SP,SIM
170,V,CORINTHIANS,2,0,CHAPECOENSE,CHAPECÓ,SC,BRA,24,4,19,21:30,QUA,COPA DO BRASIL,RALF,FÁBIO CARILLE,NEY FRANCO,33.582,"1.269.891,50",1,VISITANTE,NORTE,SUL,"1 Boselli, 1 Mateus Vital",X,2,CORINTHIANS,1,1,0,0,1,1,0,0,DANIEL NOBRE BINS,RS,NÃO
171,V,CORINTHIANS,1,0,CHAPECOENSE,CHAPECÓ,SC,BRA,1,5,19,16:00,QUA,BRASILEIRO,RAMIRO,FÁBIO CARILLE,NEY FRANCO,30.442,"1.551.364,50",1,CORINTHIANS,SUL,NORTE,1 Carlos Augusto,X,1,CORINTHIANS,1,0,0,0,0,1,0,0,RICARDO MARQUES RIBEIRO,MG,SIM
172,E,CORINTHIANS,0,0,GRÊMIO,PORTO ALEGRE,RS,BRA,11,5,19,19:00,SÁB,BRASILEIRO,RALF,FÁBIO CARILLE,RENATO GAÚCHO,36.360,"1.581.235,50",2,VISITANTE,NORTE,SUL,X,X,0,X,0,0,0,0,0,0,0,0,MARCELO DE LIMA HENRIQUE,RJ,SIM
173,D,CORINTHIANS,0,1,FLAMENGO,RIO DE JANEIRO,RJ,BRA,15,5,19,21:30,QUA,COPA DO BRASIL,FAGNER,FÁBIO CARILLE,ABEL BRAGA,30.364,"2.010.205,00",1,VISITANTE,NORTE,SUL,X,1 Willian Arão,1,VISITANTE,0,0,1,0,0,0,0,1,ANDERSON DARONCO,RS,SIM
174,V,CORINTHIANS,2,0,DEPORTIVO LARA,CABUDARE,VEN,VEN,23,5,19,19:15,QUI,SULAMERICANA,CÁSSIO,FÁBIO CARILLE,LEONARDO GONZÁLEZ,27.866,"800.153,00",1,CORINTHIANS,NORTE,SUL,"1 Vagner Love, 1 Gustavo",X,2,CORINTHIANS,0,2,0,0,0,2,0,0,CRISTIAN GARAY,CHI,NÃO
175,V,CORINTHIANS,1,0,SÃO PAULO,SÃO PAULO,SP,BRA,26,5,19,19:00,DOM,BRASILEIRO,FAGNER,FÁBIO CARILLE,CUCA,39.378,"1.916.228,30",1,CORINTHIANS,SUL,NORTE,1 Pedrinho,X,1,CORINTHIANS,0,1,0,0,1,0,0,0,FLÁVIO RODRIGUES DE SOUZA,SP,SIM
176,V,CORINTHIANS,1,0,CSA,MACEIÓ,AL,BRA,14,7,19,16:00,DOM,BRASILEIRO,FAGNER,FÁBIO CARILLE,ARGEL FUCKS,33.952,"1.392.676,36",1,CORINTHIANS,SUL,NORTE,1 Vagner Love,X,1,CORINTHIANS,1,0,0,0,0,1,0,0,WAGNER REWAY,MT,SIM
177,E,CORINTHIANS,1,1,FLAMENGO,RIO DE JANEIRO,RJ,BRA,21,7,19,16:00,DOM,BRASILEIRO,CÁSSIO,FÁBIO CARILLE,JORGE JESUS,34.737,"2.223.284,80",1,CORINTHIANS,SUL,NORTE,1 Clayson,1 Gabigol,2,CORINTHIANS,1,0,0,1,0,1,0,1,LEANDRO PEDRO VUADEN,RS,SIM
178,V,CORINTHIANS,2,0,MONTEVIDEO WANDERERS,MONTEVIDÉU,URU,URU,25,7,19,21:30,QUI,SULAMERICANA,VAGNER LOVE,FÁBIO CARILLE,ROMÁN CUELLO,32.955,"1.324.119,88",1,VISITANTE,NORTE,SUL,"1 Clayson, 1 Pedrinho",X,2,CORINTHIANS,1,1,0,0,1,1,0,0,JORGE ARGOTE,VEN,SIM
179,E,CORINTHIANS,1,1,PALMEIRAS,SÃO PAULO,SP,BRA,4,8,19,19:00,DOM,BRASILEIRO,CÁSSIO,FÁBIO CARILLE,FELIPÃO,42.675,"2.998.991,00",1,VISITANTE,NORTE,SUL,1 Manoel,1 Felipe Melo,2,CORINTHIANS,1,0,1,0,1,0,0,1,ANDERSON DARONCO,RS,SIM
180,V,CORINTHIANS,2,0,GOIÁS,GOIÂNIA,GO,BRA,7,8,19,19:15,QUA,BRASILEIRO,FAGNER,FÁBIO CARILLE,ROBSON GOMES,34.595,"1.307.624,00",1,VISITANTE,NORTE,SUL,"1 Júnior Urso, 1 Boselli",X,2,CORINTHIANS,1,1,0,0,1,1,0,0,BRUNO ARLEU DE ARAÚJO,RJ,SIM
181,V,CORINTHIANS,2,0,BOTAFOGO,RIO DE JANEIRO,RJ,BRA,17,8,19,19:00,SÁB,BRASILEIRO,GIL,FÁBIO CARILLE,EDUARDO BARROCA,38.882,"2.245.956,00",1,CORINTHIANS,NORTE,SUL,"1 Boselli, 1 Everaldo",X,2,CORINTHIANS,1,1,0,0,1,1,0,0,RAFAEL TRACI,SC,SIM
182,E,CORINTHIANS,0,0,FLUMINENSE,RIO DE JANEIRO,RJ,BRA,22,8,19,21:30,QUI,SULAMERICANA,FAGNER,FÁBIO CARILLE,MARCÃO,37.266,"1.699.012,00",1,CORINTHIANS,SUL,NORTE,X,X,0,X,0,0,0,0,0,0,0,0,ANDRES ROJAS,COL,SIM
183,V,CORINTHIANS,1,0,ATLÉTICO (MG),BELO HORIZONTE,MG,BRA,1,9,19,19:00,DOM,BRASILEIRO,CÁSSIO,FÁBIO CARILLE,RODRIGO SANTANA,31.961,"1.524.359,18",1,CORINTHIANS,SUL,NORTE,1 Gustavo,X,1,CORINTHIANS,1,0,0,0,0,1,0,0,WILTON PEREIRA SAMPAIO,GO,SIM
184,E,CORINTHIANS,2,2,CEARÁ,FORTALEZA,CE,BRA,7,9,19,11:00,SÁB,BRASILEIRO,DANILO AVELAR,FÁBIO CARILLE,ENDERSON MOREIRA,43.230,"2.888.967,30",3,VISITANTE,NORTE,SUL,"1 João Lucas (GC), 1 Vagner Love","1 Thiago Galhardo, 1 Leandro Carvalho",4,CORINTHIANS,2,0,2,0,2,0,0,2,PAULO ROBERTO ALVES JÚNIOR,PR,SIM
185,D,CORINTHIANS,0,2,INDEPENDIENTE DEL VALLE,SANGOLQUÍ,EQU,EQU,18,9,19,21:30,QUA,SULAMERICANA,FAGNER,FÁBIO CARILLE,MIGUEL RAMÍREZ,37.112,"2.264.371,00",1,VISITANTE,NORTE,SUL,X,2 Gabriel Torres,2,VISITANTE,0,0,1,1,0,0,1,1,LEODÁN GONZALEZ,URU,SIM
186,V,CORINTHIANS,2,1,BAHIA,SALVADOR,BA,BRA,21,9,19,19:00,SÁB,BRASILEIRO,VAGNER LOVE,FÁBIO CARILLE,ROGER MACHADO,29.569,"1.489.768,50",1,VISITANTE,NORTE,SUL,"1 Vagner Love, 1 Clayson",1 Gilberto,3,CORINTHIANS,1,1,1,0,1,1,0,1,DEWSON FERNANDO SILVA,PA,SIM
187,V,CORINTHIANS,1,0,VASCO DA GAMA,RIO DE JANEIRO,RJ,BRA,29,9,19,11:00,DOM,BRASILEIRO,GIL,FÁBIO CARILLE,LUXEMBURGO,37.091,"1.891.029,50",1,CORINTHIANS,SUL,NORTE,1 Ralf,X,1,CORINTHIANS,1,0,0,0,0,1,0,0,RICARDO MARQUES RIBEIRO,MG,SIM
188,E,CORINTHIANS,2,2,ATHLETICO,CURITIBA,PR,BRA,10,10,19,19:15,QUI,BRASILEIRO,VAGNER LOVE,FÁBIO CARILLE,TIAGO NUNES,22.736,"910.020,10",1,VISITANTE,NORTE,SUL,"1 Gil, 1 Boselli","1 Léo Cittadini, 1 Erick",4,CORINTHIANS,2,0,0,2,2,0,2,0,ANDRÉ LUIZ DE FREITAS CASTRO,GO,SIM
189,D,CORINTHIANS,1,2,CRUZEIRO,BELO HORIZONTE,MG,BRA,19,10,19,19:00,SÁB,BRASILEIRO,RALF,FÁBIO CARILLE,ABEL BRAGA,31.631,"1.529.296,10",1,VISITANTE,NORTE,SUL,1 Fagner,"1 Fred, 1 Éderson",3,CORINTHIANS,1,0,1,1,1,0,1,1,BRUNO ARLEU DE ARAÚJO,RJ,SIM
190,E,CORINTHIANS,0,0,SANTOS,SANTOS,SP,BRA,26,10,19,17:00,SÁB,BRASILEIRO,GIL,LEANDRO CUCA,JORGE SAMPAOLI,32.142,"1.518.582,30",1,VISITANTE,NORTE,SUL,X,X,0,X,0,0,0,0,0,0,0,0,LUIZ FLÁVIO DE OLIVEIRA,SP,SIM
191,V,CORINTHIANS,3,2,FORTALEZA,FORTALEZA,CE,BRA,6,11,19,19:30,QUA,BRASILEIRO,GIL,DYEGO COELHO,ROGÉRIO CENI,22.208,"828.518,80",1,CORINTHIANS,NORTE,SUL,"2 Boselli, 1 Júnior Urso","1 Romarinho, 1 Kieza",5,VISITANTE,1,2,1,1,1,2,1,1,CAIO MAX AUGUSTO VIEIRA,RN,SIM
192,E,CORINTHIANS,0,0,INTERNACIONAL,PORTO ALEGRE,RS,BRA,17,11,19,18:00,DOM,BRASILEIRO,CÁSSIO,DYEGO COELHO,ZÉ RICARDO,29.159,"1.367.354,50",1,CORINTHIANS,NORTE,SUL,X,X,0,X,0,0,0,0,0,0,0,0,MARCELO DE LIMA HENRIQUE,RJ,SIM
193,V,CORINTHIANS,3,0,AVAÍ,FLORIANÓPOLIS,SC,BRA,27,11,19,21:30,QUA,BRASILEIRO,CÁSSIO,DYEGO COELHO,EVANDO CAMILLATO,17.441,"617.881,20",1,CORINTHIANS,SUL,NORTE,"1 Mateus Vital, 1 Júnior Urso, 1 Boselli",X,3,CORINTHIANS,2,1,0,0,1,2,0,0,WAGNER DO NASCIMENTO MAGALHÃES,RJ,SIM
194,D,CORINTHIANS,1,2,FLUMINENSE,RIO DE JANEIRO,RJ,BRA,8,12,19,16:00,DOM,BRASILEIRO,CÁSSIO,DYEGO COELHO,MARCÃO,36.316,"1.771.788,90",1,CORINTHIANS,SUL,NORTE,1 Gustavo,2 Evanilson,3,VISITANTE,1,0,2,0,0,1,2,0,RODRIGO D'ALONSO FERREIRA,SC,SIM
195,V,CORINTHIANS,4,1,BOTAFOGO (SP),RIBEIRÃO PRETO,SP,BRA,23,1,20,21:30,QUI,PAULISTA,CÁSSIO,TIAGO NUNES,WAGNER LOPES,24.512,"966.124,74",1,CORINTHIANS,SUL,NORTE,"3 Boselli, 1 Luan",1 Ronald,5,CORINTHIANS,3,1,1,0,1,3,0,1,LUIZ FLÁVIO DE OLIVEIRA,SP,NÃO
196,V,CORINTHIANS,2,0,SANTOS,SANTOS,SP,BRA,2,2,20,11:00,DOM,PAULISTA,CÁSSIO,TIAGO NUNES,JESUALDO FERREIRA,40.699,"2.355.356,04",1,CORINTHIANS,NORTE,SUL,"1 Everaldo, 1 Janderson",X,2,CORINTHIANS,1,1,0,0,1,1,0,0,LUIZ FLÁVIO DE OLIVEIRA,SP,NÃO
197,D,CORINTHIANS,0,1,INTERNACIONAL DE LIMEIRA,LIMEIRA,SP,BRA,9,2,20,16:00,DOM,PAULISTA,CÁSSIO,TIAGO NUNES,ELANO,27.725,"1.115.240,35",1,VISITANTE,NORTE,SUL,X,1 Tcharlles,1,VISITANTE,0,0,1,0,0,0,1,0,RAPHAEL CLAUS,SP,NÃO
198,V,CORINTHIANS,2,1,GUARANÍ (PAR),ASSUNÇÃO,PAR,PAR,12,2,20,21:30,QUA,LIBERTADORES,CÁSSIO,TIAGO NUNES,GUSTAVO COSTAS,40.327,"2.255.657,34",1,VISITANTE,NORTE,SUL,"1 Luan, 1 Boselli",1 Fernando Fernández,3,CORINTHIANS,2,0,1,0,2,0,0,1,NÉSTOR PITANA,ARG,NÃO
199,E,CORINTHIANS,1,1,SANTO ANDRÉ,SANTO ANDRÉ,SP,BRA,26,2,20,21:30,QUA,PAULISTA,GABRIEL,TIAGO NUNES,PAULO ROBERTO SANTOS,17.128,"660.629,69",1,CORINTHIANS,NORTE,SUL,1 Boselli,1 Ronaldo,2,VISITANTE,0,1,0,1,0,1,1,0,SALIM FENDE CHAVEZ,SP,NÃO
200,E,CORINTHIANS,1,1,ITUANO,ITU,SP,BRA,15,3,20,16:00,DOM,PAULISTA,CÁSSIO,TIAGO NUNES,VINÍCIUS BERGANTIN,0,0,1,VISITANTE,NORTE,SUL,1 Luan,1 Breno Lopes,2,VISITANTE,1,0,0,1,1,0,1,0,FLÁVIO RODRIGUES DE SOUZA,SP,NÃO
201,V,CORINTHIANS,1,0,PALMEIRAS,SÃO PAULO,SP,BRA,22,7,20,21:30,QUA,PAULISTA,CÁSSIO,TIAGO NUNES,LUXEMBURGO,0,0,1,VISITANTE,NORTE,SUL,1 Gil,X,1,CORINTHIANS,1,0,0,0,1,0,0,0,RAPHAEL CLAUS,SP,NÃO
202,V,CORINTHIANS,1,0,MIRASSOL,MIRASSOL,SP,BRA,2,8,20,16:00,DOM,PAULISTA,CÁSSIO,TIAGO NUNES,RICARDO CATALÁ,0,0,1,VISITANTE,NORTE,SUL,1 Éderson,X,1,CORINTHIANS,0,1,0,0,0,1,0,0,VINÍCIUS GONÇALVES DIAS ARAÚJO,SP,SIM
203,E,CORINTHIANS,0,0,PALMEIRAS,SÃO PAULO,SP,BRA,5,8,20,21:30,QUA,PAULISTA,CÁSSIO,TIAGO NUNES,LUXEMBURGO,0,0,1,CORINTHIANS,SUL,NORTE,X,X,0,X,0,0,0,0,0,0,0,0,RAPHAEL CLAUS,SP,SIM
204,V,CORINTHIANS,3,1,CORITIBA,CURITIBA,PR,BRA,19,8,20,21:30,QUA,BRASILEIRO,CÁSSIO,EVANDRO FORNARI,EDUARDO BARROCA,0,0,1,VISITANTE,NORTE,SUL,"1 Léo Natel, 1 Jô, 1 Gustavo Silva",1 Sassá,4,CORINTHIANS,1,2,0,1,1,2,1,0,BRAULIO DA SILVA MACHADO,SC,SIM
205,E,CORINTHIANS,1,1,FORTALEZA,FORTALEZA,CE,BRA,26,8,20,21:30,QUA,BRASILEIRO,CÁSSIO,TIAGO NUNES,ROGÉRIO CENI,0,0,1,CORINTHIANS,SUL,NORTE,1 Luan,1 Romarinho,2,VISITANTE,1,0,0,1,0,0,1,1,RODOLPHO TOSKI MARQUES,PR,SIM
206,E,CORINTHIANS,2,2,BOTAFOGO,RIO DE JANEIRO,RJ,BRA,5,9,20,19:00,SÁB,BRASILEIRO,CÁSSIO,TIAGO NUNES,PAULO AUTUORI,0,0,1,VISITANTE,NORTE,SUL,"1 Fagner, 1 Jô","1 Bruno Nazário, 1 Salomon Kalou",4,CORINTHIANS,1,1,1,1,1,1,1,1,RAFAEL TRACI,SC,SIM
207,D,CORINTHIANS,0,2,PALMEIRAS,SÃO PAULO,SP,BRA,10,9,20,19:15,QUI,BRASILEIRO,CÁSSIO,TIAGO NUNES,LUXEMBURGO,0,0,1,VISITANTE,NORTE,SUL,X,"1 Luiz Adriano, 1 Gabriel Veron",2,VISITANTE,0,0,1,1,0,0,1,1,LEANDRO PEDRO VUADEN,RS,SIM
208,V,CORINTHIANS,3,2,BAHIA,SALVADOR,BA,BRA,16,9,20,21:30,QUA,BRASILEIRO,CÁSSIO,DYEGO COELHO,MANO MENEZES,0,0,1,VISITANTE,NORTE,SUL,"1 Otero, 1 Roni, 1 Gil","1 Nino Paraíba, 1 Saldanha",5,CORINTHIANS,2,1,1,1,2,1,1,1,WAGNER DO NASCIMENTO MAGALHÃES,RJ,SIM
209,E,CORINTHIANS,0,0,ATLÉTICO (GO),GOIÂNIA,GO,BRA,30,9,20,21:30,QUA,BRASILEIRO,CÁSSIO,DYEGO COELHO,VAGNER MANCINI,0,0,1,VISITANTE,NORTE,SUL,X,X,0,X,0,0,0,0,0,0,0,0,PAULO ROBERTO ALVES JÚNIOR,PR,SIM
210,E,CORINTHIANS,1,1,SANTOS,SANTOS,SP,BRA,7,10,20,19:00,QUA,BRASILEIRO,CÁSSIO,DYEGO COELHO,CUCA,0,0,1,VISITANTE,NORTE,SUL,1 Danilo Avelar,1 Madson,2,VISITANTE,1,0,0,1,1,0,1,0,MARCELO DE LIMA HENRIQUE,RJ,SIM
211,D,CORINTHIANS,1,5,FLAMENGO,RIO DE JANEIRO,RJ,BRA,18,10,20,16:00,DOM,BRASILEIRO,CÁSSIO,VAGNER MANCINI,DOMENEC TORRENT,0,0,3,CORINTHIANS,NORTE,SUL,1 Gil,"1 Everton Ribeiro, 1 Vitinho, 1 Natan, 1 Bruno Henrique, 1 Diego",6,VISITANTE,0,1,4,1,0,1,1,4,LEANDRO PEDRO VUADEN,RS,SIM
212,D,CORINTHIANS,0,1,AMÉRICA (MG),BELO HORIZONTE,MG,BRA,28,10,20,21:30,QUA,COPA DO BRASIL,CÁSSIO,VAGNER MANCINI,LISCA,0,0,1,CORINTHIANS,NORTE,SUL,X,1 Marcelo Toscano,1,VISITANTE,0,0,1,0,0,0,0,1,RODRIGO D'ALONSO FERREIRA,SC,SIM
213,V,CORINTHIANS,1,0,INTERNACIONAL,PORTO ALEGRE,RS,BRA,31,10,20,19:00,SÁB,BRASILEIRO,CÁSSIO,VAGNER MANCINI,EDUARDO COUDET,0,0,1,VISITANTE,NORTE,SUL,1 Matheus Davó,X,1,CORINTHIANS,1,0,0,0,1,0,0,0,PAULO ROBERTO ALVES JÚNIOR,PR,SIM
214,D,CORINTHIANS,1,2,ATLÉTICO (MG),BELO HORIZONTE,MG,BRA,14,11,20,19:00,SÁB,BRASILEIRO,CÁSSIO,VAGNER MANCINI,JORGE SAMPAOLI,0,0,1,VISITANTE,NORTE,SUL,1 Matheus Davó,"1 Guilherme Arana, 1 Marrony",3,CORINTHIANS,1,0,2,0,1,0,0,2,RODRIGO D'ALONSO FERREIRA,SC,SIM
215,E,CORINTHIANS,0,0,GRÊMIO,PORTO ALEGRE,RS,BRA,22,11,20,20:30,DOM,BRASILEIRO,CÁSSIO,VAGNER MANCINI,RENATO GAÚCHO,0,0,1,CORINTHIANS,NORTE,SUL,X,X,0,X,0,0,0,0,0,0,0,0,CAIO MAX AUGUSTO VIEIRA,RN,SIM
216,V,CORINTHIANS,1,0,SÃO PAULO,SÃO PAULO,SP,BRA,13,12,20,18:15,DOM,BRASILEIRO,CÁSSIO,VAGNER MANCINI,FERNANDO DINIZ,0,0,1,CORINTHIANS,NORTE,SUL,1 Otero,X,1,CORINTHIANS,1,0,0,0,1,0,0,0,RAPHAEL CLAUS,SP,SIM
217,V,CORINTHIANS,2,1,GOIÁS,GOIÂNIA,GO,BRA,21,12,20,20:00,SEG,BRASILEIRO,CÁSSIO,VAGNER MANCINI,GLAUBER RAMOS,0,0,1,CORINTHIANS,SUL,NORTE,"1 Gustavo Silva, 1 Jô",1 Fernandão,3,VISITANTE,1,1,1,0,1,1,1,0,BRUNO ARLEU DE ARAÚJO,RJ,SIM
218,V,CORINTHIANS,5,0,FLUMINENSE,RIO DE JANEIRO,RJ,BRA,13,1,21,21:30,QUA,BRASILEIRO,CÁSSIO,VAGNER MANCINI,AILTON FERRAZ,0,0,1,VISITANTE,NORTE,SUL,"1 Jô, 1 Cazares, 1 Fagner, 1 Mateus Vital, 1 Luan",X,5,CORINTHIANS,1,4,0,0,1,4,0,0,RAFAEL TRACI,SC,SIM
219,V,CORINTHIANS,3,0,SPORT,RECIFE,PE,BRA,21,1,21,21:00,QUI,BRASILEIRO,CÁSSIO,VAGNER MANCINI,JAIR VENTURA,0,0,1,VISITANTE,NORTE,SUL,"1 Gustavo Silva, 1 Mateus Vital, 1 Jô",X,3,CORINTHIANS,1,2,0,0,1,2,0,0,ANDERSON DARONCO,RS,SIM
220,D,CORINTHIANS,0,2,BRAGANTINO,BRAGANÇA PAULISTA,SP,BRA,25,1,21,20:00,SEG,BRASILEIRO,CÁSSIO,VAGNER MANCINI,MAURICIO BARBIERI,0,0,1,CORINTHIANS,NORTE,SUL,X,"1 Helinho, 1 Claudinho",2,VISITANTE,0,0,0,2,0,0,2,0,BRUNO ARLEU DE ARAÚJO,RJ,SIM
221,V,CORINTHIANS,2,1,CEARÁ,FORTALEZA,CE,BRA,3,2,21,21:30,QUA,BRASILEIRO,CÁSSIO,VAGNER MANCINI,GUTO FERREIRA,0,0,1,VISITANTE,NORTE,SUL,"1 Fábio Santos, 1 Léo Natel",1 Fabinho,3,VISITANTE,2,0,0,1,2,0,1,0,HEBER ROBERTO LOPES,SC,SIM
222,E,CORINTHIANS,3,3,ATHLETICO,CURITIBA,PR,BRA,10,2,21,21:30,QUA,BRASILEIRO,CÁSSIO,VAGNER MANCINI,PAULO AUTUORI,0,0,1,VISITANTE,NORTE,SUL,"2 Gustavo Silva, 1 Gabriel","1 Abner Vinicius, 1 Fernando Canesim, 1 Vitinho",6,CORINTHIANS,2,1,1,2,2,1,2,1,JEAN PIERRE LIMA,RS,SIM
223,E,CORINTHIANS,0,0,VASCO DA GAMA,RIO DE JANEIRO,RJ,BRA,21,2,21,16:00,DOM,BRASILEIRO,CÁSSIO,VAGNER MANCINI,LUXEMBURGO,0,0,1,CORINTHIANS,SUL,NORTE,X,X,0,X,0,0,0,0,0,0,0,0,ANDERSON DARONCO,RS,SIM
224,E,CORINTHIANS,2,2,PALMEIRAS,SÃO PAULO,SP,BRA,3,3,21,19:00,QUA,PAULISTA,GIL,VAGNER MANCINI,ABEL FERREIRA,0,0,1,VISITANTE,NORTE,SUL,"1 Mateus Vital, 1 Rodrigo Varanda","1 Lucas Lima, 1 Gabriel Silva",4,VISITANTE,1,1,0,2,1,1,2,0,EDINA BATISTA ALVES,SP,SIM
225,V,CORINTHIANS,2,1,PONTE PRETA,CAMPINAS,SP,BRA,7,3,21,11:00,DOM,PAULISTA,GIL,VAGNER MANCINI,FÁBIO MORENO,0,0,1,CORINTHIANS,NORTE,SUL,"1 Mateus Vital, 1 Jô",1 João Veras,3,VISITANTE,1,1,0,1,1,1,1,0,RAPHAEL CLAUS,SP,SIM
226,E,CORINTHIANS,1,1,SÃO BENTO,SOROCABA,SP,BRA,16,4,21,20:00,SEX,PAULISTA,CÁSSIO,VAGNER MANCINI,ÉDSON VIEIRA,0,0,1,CORINTHIANS,NORTE,SUL,1 Fábio Santos,1 Gabriel Inocêncio,2,VISITANTE,0,1,0,1,0,1,1,0,THIAGO DUARTE PEIXOTO,SP,SIM
227,V,CORINTHIANS,2,0,ITUANO,ITU,SP,BRA,18,4,21,22:00,DOM,PAULISTA,CÁSSIO,VAGNER MANCINI,VINÍCIUS BERGANTIN,0,0,1,CORINTHIANS,SUL,NORTE,"1 Otero, 1 Jô",X,2,CORINTHIANS,1,1,0,0,1,1,0,0,EDINA BATISTA ALVES,SP,SIM
228,D,CORINTHIANS,0,2,PEÑAROL,MONTEVIDÉU,URU,URU,29,4,21,19:15,QUI,SULAMERICANA,CÁSSIO,VAGNER MANCINI,MAURICIO LARRIERA,0,0,1,CORINTHIANS,NORTE,SUL,X,"1 Giovanni Gonzáles, 1 David Terans",2,VISITANTE,0,0,1,1,0,0,1,1,FACUNDO TELLO,ARG,NÃO
229,E,CORINTHIANS,2,2,SÃO PAULO,SÃO PAULO,SP,BRA,2,5,21,22:15,DOM,PAULISTA,CÁSSIO,VAGNER MANCINI,HERNÁN CRESPO,0,0,1,CORINTHIANS,NORTE,SUL,"1 Luan, 1 Gustavo Silva","1 Miranda, 1 Luciano",5,VISITANTE,1,1,1,1,1,1,1,1,FLÁVIO RODRIGUES DE SOUZA,SP,SIM
230,V,CORINTHIANS,2,1,GRÊMIO NOVORIZONTINO,NOVO HORIZONTE,SP,BRA,9,5,21,16:00,DOM,PAULISTA,GIL,VAGNER MANCINI,LÉO CONDÉ,0,0,1,VISITANTE,NORTE,SUL,"1 Fábio Santos, 1 Mandaca",1 Douglas Baggio,3,CORINTHIANS,1,1,1,0,1,1,0,1,LUIZ FLÁVIO DE OLIVEIRA,SP,SIM
231,V,CORINTHIANS,4,1,INTERNACIONAL DE LIMEIRA,LIMEIRA,SP,BRA,11,5,21,16:00,TER,PAULISTA,CÁSSIO,VAGNER MANCINI,THIAGO CARPINI,0,0,1,CORINTHIANS,NORTE,SUL,"1 Fagner, 2 Jemerson, 1 Raul Gustavo",1 Thallison,5,CORINTHIANS,1,3,1,0,1,3,0,1,DOUGLAS MARQUES DAS FLORES,SP,SIM
232,D,CORINTHIANS,0,2,PALMEIRAS,SÃO PAULO,SP,BRA,16,5,21,16:00,DOM,PAULISTA,CÁSSIO,VAGNER MANCINI,ABEL FERREIRA,0,0,1,CORINTHIANS,SUL,NORTE,X,"1 Victor Luis, 1 Luiz Adriano",2,VISITANTE,0,0,1,1,0,0,1,1,FLÁVIO RODRIGUES DE SOUZA,SP,SIM
233,V,CORINTHIANS,5,0,SPORT HUNCAYO,HUNCAYO,PER,PER,20,5,21,21:30,QUI,SULAMERICANA,CÁSSIO,FERNANDO LÁZARO,WILMAR VALENCIA,0,0,1,CORINTHIANS,SUL,NORTE,"2 Gustavo Silva, 1 Mateus Vital, 1 Gil, 1 Luan",X,5,CORINTHIANS,3,2,0,0,2,3,0,0,ANGELO HERMOSILLA BAEZA,CHI,NÃO
234,V,CORINTHIANS,4,0,RIVER PLATE (PAR),ASSUNÇÃO,PAR,PAR,26,5,21,21:30,QUA,SULAMERICANA,CÁSSIO,FERNANDO LÁZARO,CELSO AYALA,0,0,1,CORINTHIANS,NORTE,SUL,"2 Ramiro, 1 Jô, 1 Mateus Vital",X,4,CORINTHIANS,3,1,0,0,3,1,0,0,JOSÉ ARGOTE VEGA,COL,NÃO
235,D,CORINTHIANS,0,1,ATLÉTICO (GO),GOIÂNIA,GO,BRA,30,5,21,18:15,DOM,BRASILEIRO,CÁSSIO,SYLVINHO,EDUARDO BARROCA,0,0,2,VISITANTE,NORTE,SUL,X,1 Zé Roberto,1,VISITANTE,0,0,0,1,0,0,1,0,FELIPE FERNANDES DE LIMA,MG,SIM
236,D,CORINTHIANS,0,2,ATLÉTICO (GO),GOIÂNIA,GO,BRA,2,6,21,21:30,QUA,COPA DO BRASIL,CÁSSIO,SYLVINHO,EDUARDO BARROCA,0,0,1,VISITANTE,NORTE,SUL,X,"1 Ronald, 1 João Paulo",2,VISITANTE,0,0,0,2,0,0,2,0,BRAULIO DA SILVA MACHADO,SC,NÃO
237,D,CORINTHIANS,1,2,BRAGANTINO,BRAGANÇA PAULISTA,SP,BRA,16,6,21,20:30,QUA,BRASILEIRO,CÁSSIO,SYLVINHO,MAURICIO BARBIERI,0,0,1,CORINTHIANS,NORTE,SUL,1 Roni,"1 Aderlan, 1 Eric Ramires",3,CORINTHIANS,1,0,2,0,1,0,0,2,THIAGO LUÍS SCARASCATI,SP,SIM
238,V,CORINTHIANS,2,1,SPORT,RECIFE,PE,BRA,24,6,21,19:00,QUI,BRASILEIRO,CÁSSIO,SYLVINHO,UMBERTO LOUZER,0,0,1,VISITANTE,NORTE,SUL,"1 Iago Maidana (GC), 1 Jô",1 Tréllez,3,CORINTHIANS,1,1,1,0,1,1,0,1,PAULO ROBERTO ALVES JÚNIOR,PR,SIM
239,E,CORINTHIANS,0,0,SÃO PAULO,SÃO PAULO,SP,BRA,30,6,21,21:30,QUA,BRASILEIRO,CÁSSIO,SYLVINHO,HERNÁN CRESPO,0,0,1,CORINTHIANS,NORTE,SUL,X,X,0,X,0,0,0,0,0,0,0,0,LEANDRO PEDRO VUADEN,RS,SIM
240,E,CORINTHIANS,1,1,INTERNACIONAL,PORTO ALEGRE,RS,BRA,3,7,21,21:00,SÁB,BRASILEIRO,CÁSSIO,SYLVINHO,DIEGO AGUIRRE,0,0,1,CORINTHIANS,NORTE,SUL,1 Jô,1 Edenilson,2,VISITANTE,0,1,0,1,0,1,1,0,MARCELO DE LIMA HENRIQUE,RJ,SIM
241,D,CORINTHIANS,1,2,ATLÉTICO (MG),BELO HORIZONTE,MG,BRA,17,7,21,19:00,SÁB,BRASILEIRO,CÁSSIO,SYLVINHO,CUCA,0,0,1,CORINTHIANS,NORTE,SUL,1 Gustavo Silva,2 Hulk,3,CORINTHIANS,1,0,2,0,1,0,0,2,JEAN PIERRE LIMA,RS,SIM
242,D,CORINTHIANS,1,3,FLAMENGO,RIO DE JANEIRO,RJ,BRA,1,8,21,16:00,DOM,BRASILEIRO,CÁSSIO,SYLVINHO,RENATO GAÚCHO,0,0,1,VISITANTE,NORTE,SUL,1 Vitinho,"1 Everton Ribeiro, 1 Gustavo Henrique, 1 Bruno Herique",4,VISITANTE,0,1,0,3,0,1,3,0,LEANDRO PEDRO VUADEN,RS,SIM
243,V,CORINTHIANS,3,1,CEARÁ,FORTALEZA,CE,BRA,15,8,21,16:00,DOM,BRASILEIRO,CÁSSIO,SYLVINHO,GUTO FERREIRA,0,0,1,CORINTHIANS,NORTE,SUL,"2 Adson, 1 Renato Augusto",1 Rick,4,CORINTHIANS,2,1,1,0,2,1,0,1,RODOLPHO TOSKI MARQUES,PR,SIM
244,E,CORINTHIANS,1,1,JUVENTUDE,CAXIAS DO SUL,RS,BRA,7,9,21,21:30,TER,BRASILEIRO,CÁSSIO,SYLVINHO,MARQUINHOS SANTOS,0,0,1,VISITANTE,NORTE,SUL,1 Roger Guedes,1 Ricardo Bueno,2,VISITANTE,0,1,0,1,0,1,1,0,RAMON ABATTI ABEL,SC,SIM
245,E,CORINTHIANS,1,1,AMÉRICA (MG),BELO HORIZONTE,MG,BRA,19,9,21,18:15,DOM,BRASILEIRO,CÁSSIO,SYLVINHO,VAGNER MANCINI,0,0,1,CORINTHIANS,NORTE,SUL,1 Giuliano,1 Marlon²,2,VISITANTE,1,0,0,1,1,0,1,0,SAVIO PEREIRA SAMPAIO,DF,SIM
246,V,CORINTHIANS,2,1,PALMEIRAS,SÃO PAULO,SP,BRA,25,9,21,19:00,SÁB,BRASILEIRO,CÁSSIO,SYLVINHO,ABEL FERREIRA,0,0,1,CORINTHIANS,NORTE,SUL,2 Roger Guedes,1 Gabriel Menino,3,CORINTHIANS,1,1,0,1,1,1,1,0,RAPHAEL CLAUS,SP,SIM
247,V,CORINTHIANS,3,1,BAHIA,SALVADOR,BA,BRA,5,10,21,21:30,TER,BRASILEIRO,CÁSSIO,SYLVINHO,DIEGO DABOVE,10.624,"520.529,90",1,CORINTHIANS,NORTE,SUL,"1 Roger Guedes, 1 Cantillo, 1 Jô",1 Gilberto,4,VISITANTE,1,2,0,1,1,2,1,0,DENIS DA SILVA RIBEIRO SERAFIM,AL,SIM
248,V,CORINTHIANS,1,0,FLUMINENSE,RIO DE JANEIRO,RJ,BRA,13,10,21,21:00,QUA,BRASILEIRO,CÁSSIO,SYLVINHO,MARCÃO,12.045,"604.926,60",1,VISITANTE,NORTE,SUL,1 Gabriel Pereira,X,1,CORINTHIANS,0,1,0,0,0,1,0,0,MARIELSON ALVES SILVA,BA,SIM
249,V,CORINTHIANS,1,0,CHAPECOENSE,CHAPECÓ,SC,BRA,1,11,21,21:30,SEG,BRASILEIRO,GIL,SYLVINHO,FELIPE ENDRES,39.897,"2.267.484,60",1,CORINTHIANS,SUL,NORTE,1 Roger Guedes,X,1,CORINTHIANS,1,0,0,0,0,1,0,0,PAULO CÉSAR ZAVONELLI DA SILVA,MG,SIM
250,V,CORINTHIANS,1,0,FORTALEZA,FORTALEZA,CE,BRA,6,11,21,17:00,SÁB,BRASILEIRO,CÁSSIO,SYLVINHO,PABLO VOVJODA,36.219,"1.909.460,60",1,VISITANTE,SUL,NORTE,1 Cantillo,X,1,CORINTHIANS,1,0,0,0,0,1,0,0,RAMON ABATTI ABEL,SC,SIM
251,V,CORINTHIANS,3,2,CUIABÁ,CUIABÁ,MT,BRA,13,11,21,21:00,SÁB,BRASILEIRO,CÁSSIO,SYLVINHO,JORGINHO,38.474,"2.175.794,20",1,CORINTHIANS,NORTE,SUL,"1 Giuliano, 1 Renato Augusto, 1 Roger Guedes","1 Pepê, 1 Paulão",5,CORINTHIANS,1,2,1,1,1,2,1,1,RODOLPHO TOSKI MARQUES,PR,SIM
252,V,CORINTHIANS,2,0,SANTOS,SANTOS,SP,BRA,21,11,21,16:00,DOM,BRASILEIRO,CÁSSIO,SYLVINHO,FÁBIO CARILLE,43.381,"2.566.138,80",1,CORINTHIANS,SUL,NORTE,"1 Jô, 1 Gabriel",X,2,CORINTHIANS,2,0,0,0,0,2,0,0,LEANDRO PEDRO VUADEN,RS,SIM
253,V,CORINTHIANS,1,0,ATHLETICO,CURITIBA,PR,BRA,28,11,21,16:00,DOM,BRASILEIRO,CÁSSIO,SYLVINHO,ALBERTO VALENTIM,37.309,"2.017.119,00",1,VISITANTE,SUL,NORTE,1 Fábio Santos,X,1,CORINTHIANS,1,0,0,0,0,1,0,0,PAULO CÉSAR ZAVONELLI DA SILVA,MG,SIM
254,E,CORINTHIANS,1,1,GRÊMIO,PORTO ALEGRE,RS,BRA,5,12,21,16:00,DOM,BRASILEIRO,CÁSSIO,SYLVINHO,VAGNER MANCINI,43.980,"2.517.739,00",1,CORINTHIANS,SUL,NORTE,1 Renato Augusto,1 Diego Souza,1,VISITANTE,1,0,1,0,0,1,1,0,BRUNO ARLEU DE ARAÚJO,RJ,SIM
255,E,CORINTHIANS,0,0,FERROVIÁRIA,ARARAQUARA,SP,BRA,25,1,22,21:00,TER,PAULISTA,CÁSSIO,SYLVINHO,ELANO,23.903,"1.307.561,00",1,VISITANTE,SUL,NORTE,X,X,0,X,0,0,0,0,0,0,0,0,THIAGO LUÍS SCARASCATI,SP,SIM
256,D,CORINTHIANS,1,2,SANTOS,SANTOS,SP,BRA,2,2,22,21:35,QUA,PAULISTA,GIL,SYLVINHO,FÁBIO CARILLE,27.883,"1.675.894,00",1,VISITANTE,SUL,NORTE,1 Jô,2 Marcos Leonardo,3,CORINTHIANS,1,0,0,2,0,1,0,2,THIAGO LUÍS SCARASCATI,SP,SIM
257,V,CORINTHIANS,2,1,MIRASSOL,MIRASSOL,SP,BRA,10,2,22,21:30,QUI,PAULISTA,CÁSSIO,FERNANDO LÁZARO,EDUARDO BAPTISTA,22.224,"1.162.611,50",1,CORINTHIANS,NORTE,SUL,"1 Renato Augusto, 1 Paulinho",1 Rodrigo Ferreira,3,CORINTHIANS,2,0,0,1,2,0,1,0,RAPHAEL CLAUS,SP,SIM
258,V,CORINTHIANS,3,0,SÃO BERNARDO,SÃO BERNARDO DO CAMPO,SP,BRA,16,2,22,21:35,QUA,PAULISTA,CÁSSIO,FERNANDO LÁZARO,MÁRCIO ZANARDI,20.980,"1.048.278,00",1,CORINTHIANS,NORTE,SUL,"2 Roger Guedes, 1 Willian",X,3,CORINTHIANS,0,3,0,0,0,3,0,0,THIAGO LOURENÇO DE MATTOS,SP,SIM
259,V,CORINTHIANS,1,0,BRAGANTINO,BRAGANÇA PAULISTA,SP,BRA,27,2,22,11:00,DOM,PAULISTA,CÁSSIO,FERNANDO LÁZARO,MAURICIO BARBIERI,30.423,"1.894.093,00",1,CORINTHIANS,NORTE,SUL,1 Gustavo Silva,X,1,CORINTHIANS,0,1,0,0,0,1,0,0,THIAGO LUÍS SCARASCATI,SP,SIM
260,V,CORINTHIANS,5,0,PONTE PRETA,CAMPINAS,SP,BRA,12,3,22,18:30,SÁB,PAULISTA,CÁSSIO,VÍTOR PEREIRA,HÉLIO DOS ANJOS,39.488,"2.384.518,00",1,CORINTHIANS,NORTE,SUL,"1 Renato Augusto, 1 Paulinho, 1 Gustavo Silva, 1 Adson, 1 Gustavo Mantuan",X,5,CORINTHIANS,3,2,0,0,3,2,0,0,LUIZ FLÁVIO DE OLIVEIRA,SP,SIM
261,E,CORINTHIANS,1,1,GUARANI,CAMPINAS,SP,BRA,24,3,22,19:00,QUI,PAULISTA,CÁSSIO,VÍTOR PEREIRA,DANIEL PAULISTA,38.055,"2.296.941,00",1,CORINTHIANS,NORTE,SUL,1 Gil,1 João Victor,2,CORINTHIANS,1,0,1,0,1,0,0,1,FLÁVIO RODRIGUES DE SOUZA,SP,SIM
262,V,CORINTHIANS,1,0,DEPORTIVO CALI,CALI,COL,COL,13,4,22,21:00,QUA,LIBERTADORES,CÁSSIO,VÍTOR PEREIRA,RAFAEL DUDAMEL,37.708,"3.069.768,25",1,CORINTHIANS,NORTE,SUL,1 José Caldera (GC),X,1,CORINTHIANS,0,1,0,0,0,1,0,0,EBER AQUINO,PAR,NÃO
263,V,CORINTHIANS,3,0,AVAÍ,FLORIANÓPOLIS,SC,BRA,16,4,22,19:00,SÁB,BRASILEIRO,CÁSSIO,VÍTOR PEREIRA,EDUARDO BARROCA,30.335,"2.058.127,30",1,CORINTHIANS,SUL,NORTE,3 Roger Guedes,X,3,CORINTHIANS,1,2,0,0,2,1,0,0,BRUNO ARLEU DE ARAÚJO,RJ,SIM
264,V,CORINTHIANS,2,0,BOCA JUNIORS,BUENOS AIRES,ARG,ARG,26,4,22,21:30,TER,LIBERTADORES,CÁSSIO,FILIPE ALMEIDA,SEBASTIÁN BATTAGLIA,44.313,"4.611.628,25",1,CORINTHIANS,NORTE,SUL,2 Maycon,X,2,CORINTHIANS,1,1,0,0,1,1,0,0,ANDRÉS MATONTE,URU,NÃO
265,V,CORINTHIANS,1,0,FORTALEZA,FORTALEZA,CE,BRA,1,5,22,16:00,DOM,BRASILEIRO,CÁSSIO,VÍTOR PEREIRA,PABLO VOVJODA,36.742,"2.510.088,10",1,CORINTHIANS,SUL,NORTE,1 Matheus Jussa (GC),X,1,CORINTHIANS,1,0,0,0,0,1,0,0,SAVIO PEREIRA SAMPAIO,DF,SIM
266,V,CORINTHIANS,2,0,PORTUGUESA (RJ),RIO DE JANEIRO,RJ,BRA,11,5,22,21:30,QUA,COPA DO BRASIL,CÁSSIO,VÍTOR PEREIRA,FELIPE SURIAN,35.081,"1.901.553,00",1,CORINTHIANS,NORTE,SUL,"1 Júnior Moraes, 1 Giuliano",X,2,CORINTHIANS,2,0,0,0,2,0,0,0,RAMON ABATTI ABEL,SC,NÃO
267,E,CORINTHIANS,1,1,SÃO PAULO,SÃO PAULO,SP,BRA,22,5,22,16:00,DOM,BRASILEIRO,CÁSSIO,VÍTOR PEREIRA,ROGÉRIO CENI,44.672,"3.688.132,50",1,CORINTHIANS,SUL,NORTE,1 Adson,1 Calleri,2,VISITANTE,1,0,1,0,0,1,1,0,WILTON PEREIRA SAMPAIO,GO,SIM
268,E,CORINTHIANS,1,1,ALWAYS READY,BUENOS AIRES,BOL,BOL,26,5,22,21:00,QUI,LIBERTADORES,GIL,FILIPE ALMEIDA,EDUARDO VILLEGAS,39.816,"3.333.283,37",1,VISITANTE,SUL,NORTE,1 Adson,1 Jonathan Borja,2,CORINTHIANS,0,1,1,0,1,0,1,0,JOSÉ ARGOTE VEGA,COL,NÃO
269,E,CORINTHIANS,1,1,AMÉRICA (MG),BELO HORIZONTE,MG,BRA,29,5,22,18:00,DOM,BRASILEIRO,CÁSSIO,VÍTOR PEREIRA,VAGNER MANCINI,34.922,"2.164.285,50",1,CORINTHIANS,SUL,NORTE,1 Gustavo Silva,1 Aloísio,2,VISITANTE,1,0,0,1,0,1,0,1,ANDERSON DARONCO,RS,SIM
270,V,CORINTHIANS,2,0,JUVENTUDE,CAXIAS DO SUL,RS,BRA,11,6,22,16:30,SÁB,BRASILEIRO,CÁSSIO,VÍTOR PEREIRA,EDUARDO BAPTISTA,34.617,"2.197.465,00",1,CORINTHIANS,SUL,NORTE,"1 Adson, 1 Gustavo Mantuan",X,2,CORINTHIANS,1,1,0,0,1,1,0,0,RAMON ABATTI ABEL,SC,SIM
271,V,CORINTHIANS,1,0,GOIÁS,GOIÂNIA,GO,BRA,19,6,22,16:00,DOM,BRASILEIRO,CÁSSIO,VÍTOR PEREIRA,JAIR VENTURA,35.900,"2.188.138,23",1,CORINTHIANS,NORTE,SUL,1 Fábio Santos,X,1,CORINTHIANS,1,0,0,0,1,0,0,0,BRAULIO DA SILVA MACHADO,SC,SIM
272,V,CORINTHIANS,4,0,SANTOS,SANTOS,SP,BRA,22,6,22,21:30,QUA,COPA DO BRASIL,CÁSSIO,VÍTOR PEREIRA,FABIÁN BUSTOS,40.316,"2.424.755,11",1,VISITANTE,NORTE,SUL,"1 Gustavo Mantuan, 2 Giuliano, 1 Raul Gustavo",X,4,CORINTHIANS,3,1,0,0,3,1,0,0,MARCELO DE LIMA HENRIQUE,RJ,SIM
273,E,CORINTHIANS,0,0,SANTOS,SANTOS,SP,BRA,25,6,22,19:00,SÁB,BRASILEIRO,CÁSSIO,VÍTOR PEREIRA,FABIÁN BUSTOS,40.842,"2.443.238,62",1,CORINTHIANS,SUL,NORTE,X,X,0,X,0,0,0,0,0,0,0,0,FLÁVIO RODRIGUES DE SOUZA,SP,SIM
274,E,CORINTHIANS,0,0,BOCA JUNIORS,BUENOS AIRES,ARG,ARG,28,6,22,21:30,TER,LIBERTADORES,CÁSSIO,VÍTOR PEREIRA,SEBASTIÁN BATTAGLIA,44.753,"4.276.661,57",1,VISITANTE,NORTE,SUL,X,X,0,X,0,0,0,0,0,0,0,0,ROBERTO TOBAR,CHI,SIM
275,V,CORINTHIANS,1,0,FLAMENGO,RIO DE JANEIRO,RJ,BRA,10,7,22,16:00,DOM,BRASILEIRO,CÁSSIO,VÍTOR PEREIRA,DORIVAL JÚNIOR,43.708,"3.670.673,50",1,CORINTHIANS,NORTE,SUL,1 Rodinei (GC),X,1,CORINTHIANS,0,1,0,0,0,1,0,0,RAMON ABATTI ABEL,SC,SIM
276,V,CORINTHIANS,3,1,CORITIBA,CURITIBA,PR,BRA,20,7,22,21:30,QUA,BRASILEIRO,CÁSSIO,VÍTOR PEREIRA,GUSTAVO MORÍNIGO,39.852,"2.535.409,50",1,CORINTHIANS,NORTE,SUL,"1 Roger Guedes, 1 Adson, 1 Raul Gustavo",1 Luciano Castan,4,CORINTHIANS,1,2,1,0,1,2,0,1,WAGNER DO NASCIMENTO MAGALHÃES,RJ,SIM
277,V,CORINTHIANS,1,0,BOTAFOGO,RIO DE JANEIRO,RJ,BRA,30,7,22,19:00,SÁB,BRASILEIRO,CÁSSIO,VÍTOR PEREIRA,LUÍS CASTRO,42.532,"2.860.163,50",1,CORINTHIANS,NORTE,SUL,1 Gustavo Silva,X,1,CORINTHIANS,1,0,0,0,1,0,0,0,JEAN PIERRE LIMA,RS,SIM
278,D,CORINTHIANS,0,2,FLAMENGO,RIO DE JANEIRO,RJ,BRA,2,8,22,21:30,TER,LIBERTADORES,CÁSSIO,VÍTOR PEREIRA,DORIVAL JÚNIOR,45.159,"5.386.291,50",1,CORINTHIANS,NORTE,SUL,X,"1 De Arrascaeta, 1 Gabigol",2,VISITANTE,0,0,1,1,0,0,1,1,PATRICIO LOUSTAU,ARG,SIM
279,D,CORINTHIANS,0,1,PALMEIRAS,SÃO PAULO,SP,BRA,13,8,22,19:00,SÁB,BRASILEIRO,CÁSSIO,VÍTOR PEREIRA,ABEL FERREIRA,44.666,"3.226.090,00",1,CORINTHIANS,SUL,NORTE,X,1 Roni (GC),1,VISITANTE,0,0,0,1,0,0,0,1,RAPHAEL CLAUS,SP,SIM
280,V,CORINTHIANS,4,1,ATLÉTICO (GO),GOIÂNIA,GO,BRA,17,8,22,21:30,QUA,COPA DO BRASIL,CÁSSIO,VÍTOR PEREIRA,JORGINHO,42.837,"2.678.934,00",1,CORINTHIANS,NORTE,SUL,"1 Gil, 3 Yuri Alberto",1 Wellington Rato,5,CORINTHIANS,1,3,1,0,1,3,0,1,BRUNO ARLEU DE ARAÚJO,RJ,SIM
281,V,CORINTHIANS,1,0,BRAGANTINO,BRAGANÇA PAULISTA,SP,BRA,29,8,22,21:30,SEG,BRASILEIRO,CÁSSIO,VÍTOR PEREIRA,MAURICIO BARBIERI,36.228,"2.050.950,00",1,VISITANTE,NORTE,SUL,1 Gustavo Silva,X,1,CORINTHIANS,1,0,0,0,1,0,0,0,WILTON PEREIRA SAMPAIO,GO,SIM
282,E,CORINTHIANS,2,2,INTERNACIONAL,PORTO ALEGRE,RS,BRA,4,9,22,16:00,DOM,BRASILEIRO,CÁSSIO,VÍTOR PEREIRA,MANO MENEZES,41.423,"2.613.444,00",1,CORINTHIANS,NORTE,SUL,"1 Balbuena, 1 Yuri Alberto","1 Alemão, 1 Alan Patrick",4,VISITANTE,2,0,1,1,1,0,1,1,BRAULIO DA SILVA MACHADO,SC,SIM
283,V,CORINTHIANS,3,0,FLUMINENSE,RIO DE JANEIRO,RJ,BRA,15,9,22,20:00,QUI,COPA DO BRASIL,CÁSSIO,VÍTOR PEREIRA,FERNANDO DINIZ,45.558,"2.744.857,50",1,CORINTHIANS,SUL,NORTE,"1 Renato Augusto, 1 Giuliano, 1 Felipe Melo (GC)",X,3,CORINTHIANS,2,1,0,0,1,2,0,0,ANDERSON DARONCO,RS,SIM
284,V,CORINTHIANS,2,1,ATLÉTICO (GO),GOIÂNIA,GO,BRA,28,9,22,19:00,QUA,BRASILEIRO,CÁSSIO,VÍTOR PEREIRA,EDUARDO BAPTISTA,32.146,"1.624.476,50",1,CORINTHIANS,SUL,NORTE,"1 Roger Guedes, 1 Yuri Alberto",1 Wellington Rato,3,CORINTHIANS,1,1,1,0,1,1,1,0,LEANDRO PEDRO VUADEN,RS,SIM
285,V,CORINTHIANS,2,0,CUIABÁ,CUIABÁ,MT,BRA,1,10,22,21:00,SÁB,BRASILEIRO,CÁSSIO,VÍTOR PEREIRA,ANTÓNIO OLIVEIRA,37.445,"2.049.251,50",1,CORINTHIANS,NORTE,SUL,"1 Roger Guedes, 1 Yuri Alberto",X,2,CORINTHIANS,2,0,0,0,2,0,0,0,CAIO MAX AUGUSTO VIEIRA,RN,SIM
286,V,CORINTHIANS,2,1,ATHLETICO,CURITIBA,PR,BRA,8,10,22,21:00,SÁB,BRASILEIRO,FAGNER,VÍTOR PEREIRA,FELIPÃO,38.403,"2.037.096,00",3,CORINTHIANS,NORTE,SUL,"1 Balbuena, 1 Roger Guedes",1 Erick,3,CORINTHIANS,2,0,1,0,2,0,0,1,ANDERSON DARONCO,RS,SIM
287,E,CORINTHIANS,0,0,FLAMENGO,RIO DE JANEIRO,RJ,BRA,12,10,22,21:45,QUA,COPA DO BRASIL,CÁSSIO,VÍTOR PEREIRA,DORIVAL JÚNIOR,46.486,"4.665.153,00",1,CORINTHIANS,NORTE,SUL,X,X,0,X,0,0,0,0,0,0,0,0,BRAULIO DA SILVA MACHADO,SC,SIM
288,D,CORINTHIANS,0,2,FLUMINENSE,RIO DE JANEIRO,RJ,BRA,26,10,22,21:45,QUA,BRASILEIRO,CÁSSIO,VÍTOR PEREIRA,FERNANDO DINIZ,37.617,"1.877.924,00",1,CORINTHIANS,SUL,NORTE,X,2 German Cano,2,VISITANTE,0,0,1,1,0,0,1,1,LEANDRO PEDRO VUADEN,RS,SIM
289,V,CORINTHIANS,1,0,CEARÁ,FORTALEZA,CE,BRA,5,11,22,20:30,SÁB,BRASILEIRO,CÁSSIO,VÍTOR PEREIRA,JUCA ANTONELLO,41.172,"2.208.811,00",1,CORINTHIANS,NORTE,SUL,1 Yuri Alberto,X,1,CORINTHIANS,0,1,0,0,0,1,0,0,BRUNO ARLEU DE ARAÚJO,RJ,SIM
290,D,CORINTHIANS,0,1,ATLÉTICO (MG),BELO HORIZONTE,MG,BRA,13,11,22,16:00,DOM,BRASILEIRO,CÁSSIO,FILIPE ALMEIDA,CUCA,43.414,"2.364.497,50",1,CORINTHIANS,NORTE,SUL,X,1 Eduardo Vargas,1,VISITANTE,0,0,0,1,0,0,1,0,BRAULIO DA SILVA MACHADO,SC,SIM
291,V,CORINTHIANS,3,0,ÁGUA SANTA,DIADEMA,SP,BRA,18,1,23,19:30,QUA,PAULISTA,CÁSSIO,FERNANDO LÁZARO,THIAGO CARPINI,37.796,"2.325.141,50",1,CORINTHIANS,NORTE,SUL,"1 Yuri Alberto, 2 Roger Guedes",X,3,CORINTHIANS,2,1,0,0,2,1,0,0,THIAGO LUÍS SCARASCATI,SP,SIM
292,V,CORINTHIANS,2,1,GUARANI,CAMPINAS,SP,BRA,24,1,23,20:00,TER,PAULISTA,CÁSSIO,FERNANDO LÁZARO,MOZART,39.216,"2.335.445,00",1,CORINTHIANS,NORTE,SUL,"1 Roger Guedes, 1 Fábio Santos",1 Bruninho,3,VISITANTE,1,1,0,1,1,1,1,0,LUIZ FLÁVIO DE OLIVEIRA,SP,SIM
293,V,CORINTHIANS,2,0,BOTAFOGO (SP),RIBEIRÃO PRETO,SP,BRA,5,2,23,18:30,DOM,PAULISTA,CÁSSIO,FERNANDO LÁZARO,PAULO BAIER,41.595,"2.565.307,50",1,CORINTHIANS,NORTE,SUL,"1 Roger Guedes, 1 Adson",X,2,CORINTHIANS,2,0,0,0,2,0,0,0,EDINA BATISTA ALVES,SP,SIM
294,E,CORINTHIANS,2,2,PALMEIRAS,SÃO PAULO,SP,BRA,16,2,23,21:30,QUI,PAULISTA,CÁSSIO,FERNANDO LÁZARO,ABEL FERREIRA,45.505,"2.582.382,00",1,CORINTHIANS,SUL,NORTE,"1 Roger Guedes, 1 Gil",2 Rony,4,CORINTHIANS,1,1,1,1,1,1,1,1,RAPHAEL CLAUS,SP,SIM
295,V,CORINTHIANS,3,0,MIRASSOL,MIRASSOL,SP,BRA,19,2,23,18:30,DOM,PAULISTA,CÁSSIO,FERNANDO LÁZARO,RICARDO CATALÁ,36.928,"2.229.991,50",1,CORINTHIANS,NORTE,SUL,"2 Roger Guedes, 1 Renato Augusto",X,3,CORINTHIANS,2,1,0,0,2,1,0,0,MATHEUS DEGALDO CANDANÇAN,SP,SIM
296,V,CORINTHIANS,3,1,SANTO ANDRÉ,SANTO ANDRÉ,SP,BRA,4,3,23,18:30,SÁB,PAULISTA,FÁBIO SANTOS,FERNANDO LÁZARO,MATHEUS COSTA,42.888,"2.545.458,00",1,CORINTHIANS,NORTE,SUL,"2 Yuri Alberto, 1 Paulinho",1 José Hugo,4,VISITANTE,1,2,0,1,1,2,1,0,GUILHERME NUNES DE SANTANA,SP,SIM
297,E,CORINTHIANS,1,1,ITUANO,ITU,SP,BRA,12,3,23,16:00,DOM,PAULISTA,CÁSSIO,FERNANDO LÁZARO,GILMAR DAL POZZO,43.618,"2.430.793,50",1,CORINTHIANS,NORTE,SUL,1 Paulinho,1 Raí Ramos,2,VISITANTE,1,0,0,1,1,0,1,0,RAPHAEL CLAUS,SP,SIM
298,V,CORINTHIANS,2,1,CRUZEIRO,BELO HORIZONTE,MG,BRA,16,4,23,16:00,DOM,BRASILEIRO,CÁSSIO,FERNANDO LÁZARO,PEPA,41.304,"2.681.550,00",1,CORINTHIANS,NORTE,SUL,"1 Matheus Araújo, 1 Roger Guedes",1 Lucas Oliveira,3,CORINTHIANS,0,2,1,0,0,2,0,1,ANDERSON DARONCO,RS,SIM
299,D,CORINTHIANS,0,1,ARGENTINOS JUNIORS,BUENOS AIRES,ARG,ARG,19,4,23,21:30,QUA,LIBERTADORES,CÁSSIO,FERNANDO LÁZARO,GABRIEL MILITO,40.529,"2.689.897,80",1,VISITANTE,NORTE,SUL,X,1 Javier Cabrera,1,VISITANTE,0,0,0,1,0,0,1,0,JESÚS VELENZUELA,VEN,SIM
300,V,CORINTHIANS,2,0,REMO,BELÉM,PA,BRA,26,4,23,21:30,QUA,COPA DO BRASIL,CÁSSIO,CUCA,MARCELO CABO,39.377,"2.412.267,50",1,CORINTHIANS,NORTE,SUL,"1 Adson, 1 Roger Guedes",X,2,CORINTHIANS,1,1,0,0,1,1,0,0,PAULO CÉSAR ZAVONELLI DA SILVA,MG,SIM
301,D,CORINTHIANS,1,2,INDEPENDIENTE DEL VALLE,SANGOLQUÍ,EQU,EQU,2,5,23,21:00,TER,LIBERTADORES,CÁSSIO,LUXEMBURGO,MARTÍN ANSELMI,39.860,"2.658.428,40",1,CORINTHIANS,SUL,NORTE,1 Roger Guedes,2 Lautaro Díaz,3,VISITANTE,0,1,1,1,1,0,1,1,PIERO MAZA,CHI,SIM
302,E,CORINTHIANS,1,1,FORTALEZA,FORTALEZA,CE,BRA,8,5,23,20:00,SEG,BRASILEIRO,CÁSSIO,LUXEMBURGO,PABLO VOVJODA,36.264,"2.128.014,50",1,CORINTHIANS,SUL,NORTE,1 Yuri Alberto,1 Caio Alexandre,2,VISITANTE,1,0,0,1,0,1,0,1,RAMON ABATTI ABEL,SC,SIM
303,E,CORINTHIANS,1,1,SÃO PAULO,SÃO PAULO,SP,BRA,14,5,23,16:00,DOM,BRASILEIRO,CÁSSIO,LUXEMBURGO,DORIVAL JÚNIOR,41.118,"2.606.268,00",1,VISITANTE,NORTE,SUL,1 Roger Guedes,1 Michel Araújo,2,VISITANTE,1,0,0,1,0,1,0,1,BRUNO ARLEU DE ARAÚJO,RJ,SIM
304,V,CORINTHIANS,2,0,FLUMINENSE,RIO DE JANEIRO,RJ,BRA,28,5,23,16:00,DOM,BRASILEIRO,CÁSSIO,LUXEMBURGO,FERNANDO DINIZ,34.318,"2.040.799,69",1,CORINTHIANS,SUL,NORTE,2 Roger Guedes,X,2,CORINTHIANS,2,0,0,0,0,2,0,0,LEANDRO PEDRO VUADEN,RS,SIM
305,V,CORINTHIANS,2,0,ATLÉTICO (MG),BELO HORIZONTE,MG,BRA,31,5,23,21:30,QUA,COPA DO BRASIL,CÁSSIO,LUXEMBURGO,EDUARDO COUDET,37.881,"2.294.561,50",1,VISITANTE,NORTE,SUL,"1 Matheus Bidu, 1 Roger Guedes",X,2,CORINTHIANS,1,1,0,0,1,1,0,0,WILTON PEREIRA SAMPAIO,GO,SIM
306,E,CORINTHIANS,1,1,CUIABÁ,CUIABÁ,MT,BRA,10,6,23,18:30,SÁB,BRASILEIRO,CÁSSIO,LUXEMBURGO,ANTÓNIO OLIVEIRA,40.271,"2.683.557,00",1,VISITANTE,NORTE,SUL,1 Ruan Oliveira,1 Deyverson,2,VISITANTE,0,1,1,0,0,1,0,1,ANDRÉ LUIZ SKETTINO BENTO,MG,SIM
307,V,CORINTHIANS,3,0,LIVERPOOL (URU),MONTEVIDÉU,URU,URU,28,6,23,21:30,QUA,LIBERTADORES,FÁBIO SANTOS,LUXEMBURGO,JORGE BAVA,26.451,"1.167.437,80",1,CORINTHIANS,SUL,NORTE,"1 Matheus Araújo, 1 Felipe Augusto, 1 Adson",X,3,CORINTHIANS,2,1,0,0,1,2,0,0,ÁNGEL ARTEAGA,VEN,SIM
308,D,CORINTHIANS,0,1,BRAGANTINO,BRAGANÇA PAULISTA,SP,BRA,2,7,23,11:00,DOM,BRASILEIRO,CÁSSIO,LUXEMBURGO,PEDRO CAIXINHA,42.159,"2.861.945,00",1,CORINTHIANS,NORTE,SUL,X,1 Eduardo Sasha,1,VISITANTE,0,0,0,1,0,0,1,0,EDINA BATISTA ALVES,SP,SIM
309,V,CORINTHIANS,1,0,UNIVERSITARIO,LIMA,PER,PER,11,7,23,21:30,TER,SULAMERICANA,GIULIANO,LUXEMBURGO,JORGE FOSSATI,36.686,"1.882.802,60",1,VISITANTE,NORTE,SUL,1 Felipe Augusto,X,1,CORINTHIANS,0,1,0,0,0,1,0,0,JESÚS VELENZUELA,VEN,SIM
310,V,CORINTHIANS,3,2,AMÉRICA (MG),BELO HORIZONTE,MG,BRA,15,7,23,16:30,SÁB,COPA DO BRASIL,CÁSSIO,LUXEMBURGO,VAGNER MANCINI,44.655,"2.613.722,98",1,CORINTHIANS,NORTE,SUL,"1 Renato Augusto, 1 Yuri Alberto, 1 Roger Guedes","1 Martín Benítez, 1 Gonzalo Mastriani",5,CORINTHIANS,0,3,2,0,0,3,0,2,RAMON ABATTI ABEL,SC,SIM
311,V,CORINTHIANS,2,1,SÃO PAULO,SÃO PAULO,SP,BRA,25,7,23,21:30,TER,COPA DO BRASIL,CÁSSIO,LUXEMBURGO,DORIVAL JÚNIOR,46.517,"2.690.717,50",1,CORINTHIANS,SUL,NORTE,2 Renato Augusto,1 Luciano,3,CORINTHIANS,2,0,0,1,0,2,0,1,WILTON PEREIRA SAMPAIO,GO,SIM
312,V,CORINTHIANS,3,1,VASCO DA GAMA,RIO DE JANEIRO,RJ,BRA,29,7,23,18:30,SÁB,BRASILEIRO,CÁSSIO,LUXEMBURGO,RÁMON DÍAZ,0,0,1,VISITANTE,NORTE,SUL,"1 Maycon, 1 Yuri Alberto, 1 Roger Guedes",1 Gabriel Pec,4,CORINTHIANS,1,2,1,0,1,2,0,1,LEANDRO PEDRO VUADEN,RS,SIM
313,V,CORINTHIANS,2,1,NEWELL'S OLD BOYS,ROSARIO,ARG,ARG,1,8,23,21:30,TER,SULAMERICANA,CÁSSIO,LUXEMBURGO,GABRIEL HEINZE,40.116,"2.070.243,70",1,VISITANTE,NORTE,SUL,"1 Yuri Alberto, 1 Wesley",1 Marcos Portillo,3,VISITANTE,0,2,0,1,0,2,1,0,GUSTAVO TEJERA,URU,SIM
314,V,CORINTHIANS,3,1,CORITIBA,CURITIBA,PR,BRA,13,8,23,16:00,DOM,BRASILEIRO,CÁSSIO,LUXEMBURGO,THIAGO KOSLOSKI,41.889,"2.580.090,50",1,CORINTHIANS,SUL,NORTE,"1 Gil, 1 Yuri Alberto, 1 Wesley",1 Murillo (GC),4,VISITANTE,3,0,1,0,0,3,1,0,RAMON ABATTI ABEL,SC,SIM
315,V,CORINTHIANS,1,0,ESTUDIANTES,LA PLATA,ARG,ARG,22,8,23,21:30,TER,SULAMERICANA,CÁSSIO,LUXEMBURGO,EDUARDO DOMINGUEZ,35.572,"2.266.255,70",1,CORINTHIANS,NORTE,SUL,1 Gil,X,1,CORINTHIANS,1,0,0,0,1,0,0,0,JESÚS VELENZUELA,VEN,SIM
316,E,CORINTHIANS,1,1,GOIÁS,GOIÂNIA,GO,BRA,26,8,23,21:00,SÁB,BRASILEIRO,CÁSSIO,LUXEMBURGO,ARMANDO EVANGELISTA,37.081,"2.233.278,00",1,VISITANTE,NORTE,SUL,1 Maycon,1 Guilherme Marques,2,VISITANTE,1,0,0,1,0,1,0,1,PAULO CÉSAR ZAVONELLI DA SILVA,MG,SIM
317,E,CORINTHIANS,0,0,PALMEIRAS,SÃO PAULO,SP,BRA,3,9,23,16:00,DOM,BRASILEIRO,CÁSSIO,LUXEMBURGO,ABEL FERREIRA,43.997,"2.892.111,00",1,CORINTHIANS,SUL,NORTE,X,X,0,X,0,0,0,0,0,0,0,0,ANDERSON DARONCO,RS,SIM
318,E,CORINTHIANS,4,4,GRÊMIO,PORTO ALEGRE,RS,BRA,18,9,23,21:00,SEG,BRASILEIRO,CÁSSIO,LUXEMBURGO,RENATO GAÚCHO,35.796,"2.081.321,00",1,CORINTHIANS,SUL,NORTE,"1 Fábio Santos, 1 Lucas Veríssimo, 1 Yuri Alberto, 1 Giuliano","1  Nathan, 1 Cristaldo, 1 Everton Galdino, 1 Luis Suárez",8,VISITANTE,1,3,2,2,3,1,2,2,WILTON PEREIRA SAMPAIO,GO,SIM
319,V,CORINTHIANS,1,0,BOTAFOGO,RIO DE JANEIRO,RJ,BRA,22,9,23,20:00,SEX,BRASILEIRO,CÁSSIO,LUXEMBURGO,BRUNO LAGE,37.237,"2.311.037,08",3,VISITANTE,NORTE,SUL,1 Gil,X,1,CORINTHIANS,0,1,0,0,0,1,0,0,PAULO CÉSAR ZAVONELLI DA SILVA,MG,SIM
320,E,CORINTHIANS,1,1,FORTALEZA,FORTALEZA,CE,BRA,26,9,23,21:30,TER,SULAMERICANA,CÁSSIO,LUXEMBURGO,PABLO VOVJODA,42.196,"3.014.889,00",1,VISITANTE,NORTE,SUL,1 Yuri Alberto,1 Zé Welison,2,VISITANTE,1,0,0,1,1,0,1,0,ESTEBAN OSTOJICH,URU,SIM
321,E,CORINTHIANS,1,1,FLAMENGO,RIO DE JANEIRO,RJ,BRA,7,10,23,21:00,SÁB,BRASILEIRO,CÁSSIO,MANO MENEZES,MÁRIO JORGE,40.537,"2.629.857,00",1,CORINTHIANS,NORTE,SUL,1 Fábio Santos,1 Gerson,2,VISITANTE,0,1,1,0,0,1,0,1,ANDERSON DARONCO,RS,SIM