JOGO,RES,CORINTHIANS,GOL COR,X,GOL VIS,VISITANTE,DIA,CAMPEONATO,J1,J2,J3,J4,J5,J6,J7,J8,J9,J10,J11,R1,R2,R3,R4,R5,R6-A,R7-A,R8-A,R9-A,R10-A,R11-A,R12-A
1,D,Corinthians,0,x,1,Figueirense,18/05/2014,Brasileiro,Cássio,Fagner,Gil,Cleber,Fábio Santos,Ralf,Guilherme dos Santos,Renato Augusto,Jadson,Luciano,Guerrero,Romarinho,Danilo,Paulo Victor,,,,,,,,,
2,E,Corinthians,1,x,1,Botafogo,01/06/2014,Brasileiro,Walter,Fagner,Gil,Cleber,Fábio Santos,Ralf,Petros,Bruno Henrique,Jadson,Romarinho,Guerrero,Luciano,Renato Augusto,Zé Paulo,,,,,,,,,
3,V,Corinthians,2,x,1,Internacional,17/07/2014,Brasileiro,Cássio,Fagner,Gil,Cleber,Fábio Santos,Ralf,Elias,Petros,Jadson,Luciano,Guerrero,Romarinho,Bruno Henrique,Romero,,,,,,,,,
4,V,Corinthians,3,x,0,Bahia,23/07/2014,Copa do Brasil,Cássio,Fagner,Gil,Cleber,Fábio Santos,Ralf,Elias,Petros,Jadson,Romero,Guerrero,Romarinho,Renato Augusto,Luciano,,,,,,,,,
5,V,Corinthians,2,x,0,Palmeiras,27/07/2014,Brasileiro,Cássio,Fagner,Gil,Cleber,Fábio Santos,Ralf,Elias,Renato Augusto,Petros,Romero,Guerrero,Romarinho,Danilo,Luciano,,,,,,,,,
6,E,Corinthians,1,x,1,Bahia,16/08/2014,Brasileiro,Cássio,Fagner,Gil,Cleber,Fábio Santos,Ralf,Elias,Petros,Jadson,Romero,Guerrero,Renato Augusto,Romarinho,Luciano,,,,,,,,,
7,V,Corinthians,5,x,2,Goiás,21/08/2014,Brasileiro,Cássio,Fagner,Gil,Anderson Martins,Fábio Santos,Ralf,Elias,Renato Augusto,Jadson,Romero,Guerrero,Luciano,Lodeiro,Bruno Henrique,,,,,,,,,
8,E,Corinthians,1,x,1,Fluminense,31/08/2014,Brasileiro,Cássio,Ferrugem,Gil,Anderson Martins,Fábio Santos,Ralf,Elias,Lodeiro,Jadson,Romero,Romarinho,Renato Augusto,Luciano,Fagner,,,,,,,,,
9,V,Corinthians,3,x,1,Bragantino,03/09/2014,Copa do Brasil,Cássio,Fagner,Felipe,Anderson Martins,Fábio Santos,Ralf,Bruno Henrique,Renato Augusto,Luciano,Romero,Romarinho,Jadson,Petros,Danilo,,,,,,,,,
10,V,Corinthians,1,x,0,Atlético (MG),11/09/2014,Brasileiro,Cássio,Fagner,Gil,Anderson Martins,Fábio Santos,Ralf,Elias,Renato Augusto,Petros,Luciano,Romero,Guerrero,Malcom,Bruno Henrique,,,,,,,,,
11,E,Corinthians,1,x,1,Chapecoense,18/09/2014,Brasileiro,Cássio,Ferrugem,Gil,Felipe,Fábio Santos,Ralf,Elias,Luciano,Jadson,Malcom,Guerrero,Romero,Lodeiro,Bruno Henrique,,,,,,,,,
12,V,Corinthians,3,x,2,São Paulo,21/09/2014,Brasileiro,Cássio,Fagner,Gil,Anderson Martins,Fábio Santos,Ralf,Bruno Henrique,Renato Augusto,Danilo,Malcom,Guerrero,Luciano,Uendel,Romero,,,,,,,,,
13,V,Corinthians,2,x,0,Atlético (MG),01/10/2014,Copa do Brasil,Cássio,Fagner,Gil,Anderson Martins,Fábio Santos,Elias,Bruno Henrique,Renato Augusto,Petros,Malcom,Guerrero,Danilo,Luciano,Romero,,,,,,,,,
14,V,Corinthians,3,x,0,Sport,04/10/2014,Brasileiro,Cássio,Fagner,Gil,Anderson Martins,Fábio Santos,Elias,Bruno Henrique,Renato Augusto,Petros,Malcom,Guerrero,Luciano,Danilo,Romero,,,,,,,,,
15,E,Corinthians,2,x,2,Coritiba,01/11/2014,Brasileiro,Cássio,Fagner,Gil,Anderson Martins,Uendel,Elias,Bruno Henrique,Renato Augusto,Danilo,Malcom,Luciano,Romero,Gustavo Tocantins,Jadson,,,,,,,,,
16,V,Corinthians,1,x,0,Santos,09/11/2014,Brasileiro,Cássio,Fagner,Gil,Felipe,Fábio Santos,Ralf,Elias,Renato Augusto,Petros,Malcom,Guerrero,Luciano,Danilo,Bruno Henrique,,,,,,,,,
17,V,Corinthians,1,x,0,Grêmio,23/11/2014,Brasileiro,Cássio,Fagner,Gil,Felipe,Fábio Santos,Ralf,Elias,Renato Augusto,Petros,Malcom,Guerrero,Luciano,Danilo,Jadson,,,,,,,,,
18,V,Corinthians,2,x,1,Criciúma,06/12/2014,Brasileiro,Cássio,Fagner,Felipe,Anderson Martins,Fábio Santos,Ralf,Elias,Renato Augusto,Petros,Malcom,Guerrero,Danilo,Jadson,Bruno Henrique,,,,,,,,,
19,V,Corinthians,3,x,0,Corinthian-Casuals,24/01/2015,Amistoso,Cássio,Fagner,Gil,Felipe,Fábio Santos,Ralf,Elias,Renato Augusto,Lodeiro,Emerson,Guerrero,Edilson,Uendel,Jadson,Danilo,Bruno Henrique,Petros,Luciano,Mendoza,Jamie Byatt,,,
20,V,Corinthians,3,x,0,Marília,01/02/2015,Paulista,Cássio,Fagner,Gil,Felipe,Fábio Santos,Ralf,Elias,Renato Augusto,Jadson,Emerson,Guerrero,Danilo,Luciano,Bruno Henrique,,,,,,,,,
21,V,Corinthians,4,x,0,Once Caldas,04/02/2015,Libertadores,Cássio,Fagner,Gil,Felipe,Fábio Santos,Ralf,Elias,Renato Augusto,Jadson,Emerson,Guerrero,Mendoza,Bruno Henrique,Edu Dracena,,,,,,,,,
22,V,Corinthians,2,x,1,Botafogo (SP),14/02/2015,Paulista,Walter,Edilson,Yago,Edu Dracena,Fábio Santos,Cristian,Bruno Henrique,Petros,Luciano,Mendoza,Guerrero,Jadson,Malcom,Vagner Love,,,,,,,,,
23,V,Corinthians,2,x,0,São Paulo,18/02/2015,Libertadores,Cássio,Fagner,Gil,Felipe,Fábio Santos,Ralf,Elias,Renato Augusto,Jadson,Emerson,Danilo,Bruno Henrique,Malcom,Mendoza,,,,,,,,,
24,V,Corinthians,3,x,0,Mogi Mirim,01/03/2015,Paulista,Cássio,Edilson,Yago,Edu Dracena,Cristian,Petros,Mendoza,Malcom,Jadson,Vagner Love,Guerrero,Danilo,Luciano,Fagner,,,,,,,,,
25,V,Corinthians,1,x,0,São Bernardo,11/03/2015,Paulista,Cássio,Edilson,Yago,Edu Dracena,Felipe,Cristian,Danilo,Petros,Luciano,Malcom,Vagner Love,Jadson,Ralf,Romero,,,,,,,,,
26,E,Corinthians,0,x,0,Red Bull,14/03/2015,Paulista,Cássio,Fagner,Gil,Felipe,Uendel,Ralf,Elias,Cristian,Jadson,Emerson,Guerrero,Vagner Love,Malcom,Luciano,,,,,,,,,
27,V,Corinthians,2,x,0,Portuguesa,24/03/2015,Paulista,Walter,Edilson,Yago,Felipe,Cristian,Bruno Henrique,Petros,Danilo,Luciano,Malcom,Vagner Love,Ralf,Fagner,Romero,,,,,,,,,
28,V,Corinthians,5,x,3,Penapolense,26/03/2015,Paulista,Cássio,Fagner,Yago,Edu Dracena,Uendel,Ralf,Petros,Renato Augusto,Jadson,Emerson,Guerrero,Vagner Love,Bruno Henrique,Malcom,,,,,,,,,
29,V,Corinthians,4,x,0,Danubio,01/04/2015,Libertadores,Cássio,Fagner,Gil,Felipe,Uendel,Ralf,Elias,Renato Augusto,Jadson,Emerson,Guerrero,Edu Dracena,Petros,Vagner Love,,,,,,,,,
30,E,Corinthians,1,x,1,Santos,05/04/2015,Paulista,Cássio,Fagner,Gil,Felipe,Uendel,Ralf,Elias,Renato Augusto,Jadson,Emerson,Guerrero,Vagner Love,Petros,,,,,,,,,,
31,V,Corinthians,1,x,0,Ponte Preta,11/04/2015,Paulista,Cássio,Fagner,Gil,Felipe,Uendel,Ralf,Elias,Renato Augusto,Jadson,Emerson,Vagner Love,Danilo,Mendoza,Bruno Henrique,,,,,,,,,
32,E,Corinthians,0,x,0,San Lorenzo,16/04/2015,Libertadores,Cássio,Fagner,Gil,Felipe,Uendel,Ralf,Elias,Renato Augusto,Jadson,Emerson,Vagner Love,Danilo,Mendoza,,,,,,,,,,
33,E,Corinthians,2,x,2,Palmeiras,19/04/2015,Paulista,Cássio,Fagner,Gil,Felipe,Fábio Santos,Ralf,Bruno Henrique,Danilo,Jadson,Mendoza,Vagner Love,Renato Augusto,Elias,Petros,,,,,,,,,
34,D,Corinthians,0,x,1,Guaraní (PAR),13/05/2015,Libertadores,Cássio,Fagner,Gil,Felipe,Fábio Santos,Ralf,Elias,Renato Augusto,Jadson,Malcom,Guerrero,Danilo,Mendoza,Bruno Henrique,,,,,,,,,
35,D,Corinthians,0,x,2,Palmeiras,31/05/2015,Brasileiro,Cássio,Fagner,Gil,Edu Dracena,Fábio Santos,Ralf,Bruno Henrique,Renato Augusto,Jadson,Petros,Romero,Mendoza,Danilo,Edilson,,,,,,,,,
36,V,Corinthians,2,x,1,Internacional,13/06/2015,Brasileiro,Cássio,Fagner,Gil,Edu Dracena,Fábio Santos,Cristian,Petros,Renato Augusto,Jadson,Mendoza,Romero,Ralf,Vagner Love,Danilo,,,,,,,,,
37,V,Corinthians,2,x,1,Figueirense,27/06/2015,Brasileiro,Cássio,Edilson,Gil,Felipe,Uendel,Bruno Henrique,Luciano,Renato Augusto,Jadson,Malcom,Vagner Love,Marciel,Danilo,Yago,,,,,,,,,
38,V,Corinthians,2,x,0,Ponte Preta,02/07/2015,Brasileiro,Cássio,Fagner,Gil,Felipe,Uendel,Bruno Henrique,Elias,Renato Augusto,Jadson,Malcom,Vagner Love,Mendoza,Ralf,Danilo,,,,,,,,,
39,V,Corinthians,2,x,0,Athletico,09/07/2015,Brasileiro,Cássio,Fagner,Gil,Felipe,Uendel,Bruno Henrique,Elias,Renato Augusto,Jadson,Malcom,Vagner Love,Danilo,Ralf,Rildo,,,,,,,,,
40,V,Corinthians,1,x,0,Atlético (MG),18/07/2015,Brasileiro,Walter,Fagner,Gil,Felipe,Uendel,Bruno Henrique,Elias,Renato Augusto,Rildo,Malcom,Vagner Love,Mendoza,Danilo,Ralf,,,,,,,,,
41,V,Corinthians,3,x,0,Vasco da Gama,29/07/2015,Brasileiro,Walter,Fagner,Gil,Felipe,Uendel,Bruno Henrique,Elias,Renato Augusto,Jadson,Malcom,Vagner Love,Luciano,Edilson,Ralf,,,,,,,,,
42,V,Corinthians,4,x,3,Sport,12/08/2015,Brasileiro,Cássio,Fagner,Gil,Edu Dracena,Uendel,Bruno Henrique,Elias,Renato Augusto,Jadson,Malcom,Luciano,Guilherme Arana,Ralf,Rildo,,,,,,,,,
43,V,Corinthians,3,x,0,Cruzeiro,23/08/2015,Brasileiro,Cássio,Fagner,Gil,Felipe,Uendel,Bruno Henrique,Elias,Renato Augusto,Jadson,Malcom,Vagner Love,Ralf,Danilo,Matheus Pereira,,,,,,,,,
44,D,Corinthians,1,x,2,Santos,26/08/2015,Copa do Brasil,Cássio,Edilson,Gil,Felipe,Uendel,Ralf,Bruno Henrique,Renato Augusto,Matheus Pereira,Malcom,Vagner Love,Cristian,Romero,Edu Dracena,,,,,,,,,
45,V,Corinthians,2,x,0,Fluminense,02/09/2015,Brasileiro,Cássio,Fagner,Gil,Edu Dracena,Guilherme Arana,Ralf,Marciel,Danilo,Jadson,Malcom,Vagner Love,Rildo,Romero,Rodriguinho,,,,,,,,,
46,E,Corinthians,1,x,1,Grêmio,09/09/2015,Brasileiro,Cássio,Edilson,Edu Dracena,Felipe,Guilherme Arana,Ralf,Marciel,Renato Augusto,Jadson,Malcom,Vagner Love,Yago,Rildo,Danilo,,,,,,,,,
47,V,Corinthians,3,x,0,Joinville,13/09/2015,Brasileiro,Cássio,Fagner,Gil,Felipe,Uendel,Ralf,Elias,Renato Augusto,Jadson,Rildo,Vagner Love,Malcom,Danilo,Cristian,,,,,,,,,
48,V,Corinthians,2,x,0,Santos,20/09/2015,Brasileiro,Cássio,Fagner,Gil,Felipe,Yago,Ralf,Elias,Renato Augusto,Jadson,Malcom,Vagner Love,Lucca,Cristian,Danilo,,,,,,,,,
49,V,Corinthians,3,x,0,Goiás,15/10/2015,Brasileiro,Cássio,Edilson,Gil,Edu Dracena,Guilherme Arana,Ralf,Rodriguinho,Renato Augusto,Jadson,Malcom,Vagner Love,Lucca,Danilo,Cristian,,,,,,,,,
50,V,Corinthians,1,x,0,Flamengo,25/10/2015,Brasileiro,Cássio,Edilson,Gil,Felipe,Guilherme Arana,Ralf,Elias,Renato Augusto,Jadson,Malcom,Vagner Love,Lucca,Danilo,Yago,,,,,,,,,
51,V,Corinthians,2,x,1,Coritiba,07/11/2015,Brasileiro,Cássio,Edilson,Gil,Felipe,Guilherme Arana,Ralf,Elias,Renato Augusto,Jadson,Malcom,Vagner Love,Lucca,Danilo,Rodriguinho,,,,,,,,,
52,V,Corinthians,6,x,1,São Paulo,22/11/2015,Brasileiro,Cássio,Fagner,Edu Dracena,Felipe,Uendel,Ralf,Bruno Henrique,Danilo,Rodriguinho,Lucca,Romero,Lincom,Cristian,Yago,,,,,,,,,
53,E,Corinthians,1,x,1,Avaí,06/12/2015,Brasileiro,Cássio,Fagner,Gil,Felipe,Uendel,Ralf,Elias,Lucca,Rodriguinho,Malcom,Vagner Love,Danilo,Bruno Henrique,Romero,,,,,,,,,
54,V,Corinthians,1,x,0,Xv de Piracicaba,31/01/2016,Paulista,Cássio,Fagner,Yago,Felipe,Uendel,Bruno Henrique,Elias,Danilo,Rodriguinho,Romero,Lucca,Marlone,Guilherme Arana,,,,,,,,,,
55,V,Corinthians,2,x,1,Capivariano,11/02/2016,Paulista,Cássio,Edilson,Vilson,Felipe,Uendel,Willians,Maycon,Marlone,Danilo,Guilherme,Romero,Fagner,Giovanni Augusto,Lucca,,,,,,,,,
56,V,Corinthians,2,x,0,São Paulo,14/02/2016,Paulista,Cássio,Fagner,Yago,Felipe,Guilherme Arana,Bruno Henrique,Maycon,Giovanni Augusto,Rodriguinho,Lucca,André,Willians,Danilo,Romero,,,,,,,,,
57,V,Corinthians,1,x,0,Oeste,27/02/2016,Paulista,Matheus Vidotto,Fagner,Yago,Felipe,Uendel,Bruno Henrique,Giovanni Augusto,Guilherme,Rodriguinho,Lucca,André,Luciano,Romero,Danilo,,,,,,,,,
58,V,Corinthians,1,x,0,Santa Fé,02/03/2016,Libertadores,Cássio,Fagner,Yago,Felipe,Uendel,Bruno Henrique,Giovanni Augusto,Guilherme,Rodriguinho,Lucca,André,Danilo,Willians,Edilson,,,,,,,,,
59,V,Corinthians,2,x,0,Cerro Porteño,16/03/2016,Libertadores,Cássio,Fagner,Yago,Felipe,Uendel,Bruno Henrique,Maycon,Giovanni Augusto,Guilherme,Lucca,Luciano,Danilo,Willians,Alan Mineiro,,,,,,,,,
60,V,Corinthians,4,x,0,Linense,19/03/2016,Paulista,Cássio,Edilson,Balbuena,Vilson,Guilherme Arana,Willians,Danilo,Alan Mineiro,Rodriguinho,Romero,André,Cristian,Maycon,Claudinho,,,,,,,,,
61,V,Corinthians,1,x,0,Ituano,26/03/2016,Paulista,Cássio,Fagner,Yago,Felipe,Uendel,Bruno Henrique,Maycon,Giovanni Augusto,Guilherme,Lucca,André,Alan Mineiro,Romero,Danilo,,,,,,,,,
62,V,Corinthians,2,x,1,Ponte Preta,30/03/2016,Paulista,Cássio,Edilson,Balbuena,Vilson,Guilherme Arana,Willians,Danilo,Alan Mineiro,Rodriguinho,Romero,Luciano,Maycon,André,Giovanni Augusto,,,,,,,,,
63,V,Corinthians,3,x,0,Grêmio Novorizontino,10/04/2016,Paulista,Walter,Fagner,Balbuena,Yago,Uendel,Bruno Henrique,Elias,Danilo,Guilherme,Romero,Luciano,Alan Mineiro,Marlone,Willians,,,,,,,,,
64,V,Corinthians,4,x,0,Red Bull,16/04/2016,Paulista,Cássio,Fagner,Yago,Felipe,Uendel,Bruno Henrique,Elias,Giovanni Augusto,Guilherme,Lucca,André,Alan Mineiro,Edilson,Romero,,,,,,,,,
65,V,Corinthians,6,x,0,Cobresal,20/04/2016,Libertadores,Cássio,Edilson,Balbuena,Vilson,Guilherme Arana,Willians,Maycon,Marlone,Rodriguinho,Romero,Luciano,Cristian,Elias,Alan Mineiro,,,,,,,,,
66,E,Corinthians,2,x,2,Audax,23/04/2016,Paulista,Cássio,Fagner,Yago,Felipe,Uendel,Bruno Henrique,Elias,Alan Mineiro,Guilherme,Lucca,André,Rodriguinho,Romero,Luciano,,,,,,,,,
67,E,Corinthians,2,x,2,Nacional,04/05/2016,Libertadores,Cássio,Fagner,Yago,Felipe,Uendel,Bruno Henrique,Elias,Giovanni Augusto,Rodriguinho,Lucca,André,Romero,Marquinhos Gabriel,Danilo,,,,,,,,,
68,E,Corinthians,0,x,0,Grêmio,15/05/2016,Brasileiro,Walter,Fagner,Balbuena,Felipe,Uendel,Bruno Henrique,Elias,Rodriguinho,Marquinhos Gabriel,Romero,André,Guilherme,Giovanni Augusto,Luciano,,,,,,,,,
69,V,Corinthians,3,x,0,Ponte Preta,26/05/2016,Brasileiro,Walter,Fagner,Vilson,Felipe,Uendel,Cristian,Bruno Henrique,Giovanni Augusto,Marquinhos Gabriel,Guilherme,Luciano,Marlone,André,Guilherme Arana,,,,,,,,,
70,V,Corinthians,1,x,0,Santos,01/06/2016,Brasileiro,Walter,Fagner,Vilson,Felipe,Uendel,Cristian,Bruno Henrique,Giovanni Augusto,Marquinhos Gabriel,Guilherme,Luciano,Lucca,Rodriguinho,André,,,,,,,,,
71,V,Corinthians,2,x,1,Coritiba,04/06/2016,Brasileiro,Walter,Fagner,Pedro Henrique,Felipe,Uendel,Cristian,Bruno Henrique,Marlone,Marquinhos Gabriel,Guilherme,Luciano,Giovanni Augusto,Danilo,André,,,,,,,,,
72,V,Corinthians,3,x,1,Botafogo,19/06/2016,Brasileiro,Cássio,Fagner,Balbuena,Pedro Henrique,Uendel,Bruno Henrique,Guilherme,Rodriguinho,Marquinhos Gabriel,Romero,Lucca,Caíque França,André,Willians,,,,,,,,,
73,V,Corinthians,2,x,1,Santa Cruz,25/06/2016,Brasileiro,Cássio,Fagner,Balbuena,Pedro Henrique,Uendel,Bruno Henrique,Giovanni Augusto,Rodriguinho,Marquinhos Gabriel,Romero,Luciano,Lucca,Guilherme,Willians,,,,,,,,,
74,V,Corinthians,4,x,0,Flamengo,03/07/2016,Brasileiro,Cássio,Fagner,Balbuena,Pedro Henrique,Uendel,Bruno Henrique,Giovanni Augusto,Rodriguinho,Marquinhos Gabriel,Romero,Luciano,Guilherme,Rildo,Maycon,,,,,,,,,
75,E,Corinthians,1,x,1,São Paulo,17/07/2016,Brasileiro,Cássio,Fagner,Balbuena,Yago,Uendel,Bruno Henrique,Giovanni Augusto,Rodriguinho,Marquinhos Gabriel,Danilo,Romero,Elias,Guilherme,Rildo,,,,,,,,,
76,E,Corinthians,1,x,1,Figueirense,23/07/2016,Brasileiro,Cássio,Léo Príncipe,Balbuena,Yago,Uendel,Bruno Henrique,Giovanni Augusto,Rodriguinho,Marquinhos Gabriel,Romero,André,Elias,Danilo,Guilherme,,,,,,,,,
77,V,Corinthians,2,x,1,Vitória,22/08/2016,Brasileiro,Cássio,Fagner,Balbuena,Yago,Uendel,Bruno Henrique,Elias,Rodriguinho,Marquinhos Gabriel,Guilherme,Romero,Marlone,Cristian,Giovanni Augusto,,,,,,,,,
78,V,Corinthians,3,x,0,Sport,08/09/2016,Brasileiro,Cássio,Léo Príncipe,Yago,Vilson,Uendel,Cristian,Camacho,Giovanni Augusto,Rodriguinho,Marlone,Lucca,Gustavo,Willians,Jean,,,,,,,,,
79,D,Corinthians,0,x,2,Palmeiras,17/09/2016,Brasileiro,Cássio,Léo Príncipe,Balbuena,Vilson,Guilherme Arana,Cristian,Camacho,Rodriguinho,Marlone,Lucca,Gustavo,Romero,Marquinhos Gabriel,,,,,,,,,,
80,V,Corinthians,1,x,0,Fluminense,21/09/2016,Copa do Brasil,Cássio,Fagner,Balbuena,Yago,Guilherme Arana,Camacho,Giovanni Augusto,Rodriguinho,Marquinhos Gabriel,Marlone,Romero,Willians,Cristian,Lucca,,,,,,,,,
81,D,Corinthians,0,x,1,Fluminense,25/09/2016,Brasileiro,Walter,Fagner,Balbuena,Yago,Guilherme Arana,Camacho,Giovanni Augusto,Rodriguinho,Marquinhos Gabriel,Marlone,Romero,Lucca,Gustavo,,,,,,,,,,
82,V,Corinthians,2,x,1,Cruzeiro,28/09/2016,Copa do Brasil,Walter,Fagner,Balbuena,Yago,Guilherme Arana,Camacho,Giovanni Augusto,Rodriguinho,Marquinhos Gabriel,Marlone,Romero,Willians,Lucca,Rildo,,,,,,,,,
83,E,Corinthians,0,x,0,Atlético (MG),05/10/2016,Brasileiro,Walter,Léo Príncipe,Balbuena,Yago,Guilherme Arana,Camacho,Giovanni Augusto,Rodriguinho,Marquinhos Gabriel,Marlone,Gustavo,Pedro Henrique,Rildo,Lucca,,,,,,,,,
84,V,Corinthians,2,x,0,América (MG),16/10/2016,Brasileiro,Walter,Fagner,Balbuena,Pedro Henrique,Uendel,Willians,Giovanni Augusto,Rodriguinho,Guilherme,Marlone,Romero,Rildo,Lucca,Marciel,,,,,,,,,
85,E,Corinthians,1,x,1,Chapecoense,29/10/2016,Brasileiro,Walter,Fagner,Vilson,Pedro Henrique,Uendel,Camacho,Giovanni Augusto,Rodriguinho,Marquinhos Gabriel,Marlone,Romero,Cássio,Lucca,Rildo,,,,,,,,,
86,V,Corinthians,1,x,0,Internacional,21/11/2016,Brasileiro,Walter,Fagner,Balbuena,Vilson,Guilherme Arana,Cristian,Camacho,Uendel,Marquinhos Gabriel,Marlone,Romero,Marciel,Jean,Léo Jabá,,,,,,,,,
87,E,Corinthians,0,x,0,Athletico,26/11/2016,Brasileiro,Walter,Fagner,Balbuena,Vilson,Uendel,Cristian,Camacho,Rodriguinho,Marquinhos Gabriel,Marlone,Romero,Lucca,Giovanni Augusto,Gustavo,,,,,,,,,
88,V,Corinthians,1,x,0,Ferroviária,01/02/2017,Amistoso,Cássio,Fagner,Balbuena,Pablo,Moisés,Gabriel,Fellipe Bastos,Giovanni Augusto,Guilherme,Marlone,Jô,Caíque França,Léo Príncipe,Vilson,Cristian,Pedro Henrique,Paulo Roberto,Marciel,Camacho,Marquinhos Gabriel,Romero,Bruno Paulo,
89,D,Corinthians,0,x,2,Santo André,11/02/2017,Paulista,Cássio,Fagner,Balbuena,Pablo,Moisés,Gabriel,Fellipe Bastos,Rodriguinho,Marquinhos Gabriel,Marlone,Jô,Guilherme,Kazim,Romero,,,,,,,,,
90,V,Corinthians,1,x,0,Grêmio Novorizontino,15/02/2017,Paulista,Cássio,Fagner,Balbuena,Pablo,Moisés,Gabriel,Fellipe Bastos,Rodriguinho,Marlone,Romero,Jô,Léo Jabá,Kazim,Camacho,,,,,,,,,
91,V,Corinthians,1,x,0,Palmeiras,22/02/2017,Paulista,Cássio,Fagner,Balbuena,Pablo,Guilherme Arana,Gabriel,Maycon,Rodriguinho,Léo Jabá,Romero,Kazim,Moisés,Jô,Paulo Roberto,,,,,,,,,
92,V,Corinthians,1,x,0,Santos,04/03/2017,Paulista,Cássio,Fagner,Balbuena,Pablo,Guilherme Arana,Gabriel,Maycon,Rodriguinho,Jadson,Romero,Jô,Léo Jabá,Kazim,Giovanni Augusto,,,,,,,,,
93,E,Corinthians,1,x,1,Luverdense,16/03/2017,Copa do Brasil,Cássio,Fagner,Pedro Henrique,Pablo,Guilherme Arana,Gabriel,Maycon,Rodriguinho,Jadson,Romero,Jô,Marlone,Kazim,Giovanni Augusto,,,,,,,,,
94,E,Corinthians,1,x,1,Red Bull,23/03/2017,Paulista,Cássio,Léo Príncipe,Pedro Henrique,Pablo,Guilherme Arana,Gabriel,Maycon,Rodriguinho,Pedrinho,Léo Jabá,Jô,Fellipe Bastos,Guilherme,Marciel,,,,,,,,,
95,V,Corinthians,3,x,1,Linense,29/03/2017,Paulista,Caíque França,Léo Príncipe,Balbuena,Pedro Henrique,Guilherme Arana,Gabriel,Camacho,Jadson,Pedrinho,Léo Jabá,Jô,Romero,Marciel,Fellipe Bastos,,,,,,,,,
96,V,Corinthians,2,x,0,Universidad de Chile,05/04/2017,Sulamericana,Cássio,Léo Príncipe,Balbuena,Pablo,Guilherme Arana,Gabriel,Maycon,Jadson,Rodriguinho,Romero,Jô,Clayton,Pedrinho,Camacho,,,,,,,,,
97,V,Corinthians,1,x,0,Botafogo (SP),09/04/2017,Paulista,Cássio,Fagner,Balbuena,Pablo,Guilherme Arana,Gabriel,Maycon,Jadson,Rodriguinho,Romero,Jô,Clayton,Marquinhos Gabriel,Pedrinho,,,,,,,,,
98,E,Corinthians,1,x,1,Internacional,19/04/2017,Copa do Brasil,Cássio,Fagner,Balbuena,Pablo,Guilherme Arana,Gabriel,Maycon,Jadson,Rodriguinho,Romero,Jô,Clayton,Marquinhos Gabriel,,,,,,,,,,
99,E,Corinthians,1,x,1,São Paulo,23/04/2017,Paulista,Cássio,Fagner,Balbuena,Pablo,Guilherme Arana,Gabriel,Maycon,Jadson,Rodriguinho,Romero,Jô,Léo Jabá,Moisés,Kazim,,,,,,,,,
100,E,Corinthians,1,x,1,Ponte Preta,07/05/2017,Paulista,Cássio,Fagner,Balbuena,Pablo,Guilherme Arana,Paulo Roberto,Maycon,Camacho,Jadson,Romero,Jô,Clayton,Pedrinho,Léo Jabá,,,,,,,,,
101,E,Corinthians,1,x,1,Chapecoense,13/05/2017,Brasileiro,Cássio,Fagner,Balbuena,Pablo,Guilherme Arana,Gabriel,Maycon,Jadson,Rodriguinho,Romero,Jô,Pedro Henrique,Léo Jabá,Kazim,,,,,,,,,
102,V,Corinthians,2,x,0,Santos,03/06/2017,Brasileiro,Cássio,Fagner,Pedro Henrique,Pablo,Guilherme Arana,Gabriel,Maycon,Jadson,Rodriguinho,Romero,Jô,Camacho,Clayson,Fellipe Bastos,,,,,,,,,
103,V,Corinthians,3,x,2,São Paulo,11/06/2017,Brasileiro,Cássio,Paulo Roberto,Balbuena,Pablo,Guilherme Arana,Gabriel,Maycon,Jadson,Marquinhos Gabriel,Romero,Jô,Clayson,Clayton,Camacho,,,,,,,,,
104,V,Corinthians,1,x,0,Cruzeiro,14/06/2017,Brasileiro,Cássio,Paulo Roberto,Balbuena,Pablo,Guilherme Arana,Gabriel,Maycon,Jadson,Marquinhos Gabriel,Romero,Jô,Clayson,Giovanni Augusto,Camacho,,,,,,,,,
105,V,Corinthians,3,x,0,Bahia,22/06/2017,Brasileiro,Cássio,Fagner,Balbuena,Pablo,Guilherme Arana,Gabriel,Maycon,Jadson,Rodriguinho,Romero,Jô,Marquinhos Gabriel,Camacho,Kazim,,,,,,,,,
106,V,Corinthians,1,x,0,Botafogo,02/07/2017,Brasileiro,Cássio,Fagner,Balbuena,Pablo,Guilherme Arana,Gabriel,Maycon,Jadson,Rodriguinho,Clayson,Jô,Marquinhos Gabriel,Pedrinho,Camacho,,,,,,,,,
107,V,Corinthians,2,x,0,Ponte Preta,08/07/2017,Brasileiro,Cássio,Léo Príncipe,Balbuena,Pablo,Guilherme Arana,Gabriel,Maycon,Jadson,Rodriguinho,Romero,Jô,Kazim,Camacho,Pedrinho,,,,,,,,,
108,E,Corinthians,2,x,2,Athletico,15/07/2017,Brasileiro,Cássio,Fagner,Balbuena,Pedro Henrique,Moisés,Gabriel,Maycon,Jadson,Marquinhos Gabriel,Romero,Jô,Pedrinho,Clayson,,,,,,,,,,
109,V,Corinthians,2,x,0,Patriotas,26/07/2017,Sulamericana,Cássio,Léo Príncipe,Balbuena,Pedro Henrique,Guilherme Arana,Gabriel,Maycon,Giovanni Augusto,Marquinhos Gabriel,Clayton,Kazim,Pedrinho,Jô,Camacho,,,,,,,,,
110,E,Corinthians,1,x,1,Flamengo,30/07/2017,Brasileiro,Cássio,Fagner,Balbuena,Pedro Henrique,Guilherme Arana,Gabriel,Maycon,Rodriguinho,Marquinhos Gabriel,Clayson,Jô,Giovanni Augusto,Pedrinho,Camacho,,,,,,,,,
111,V,Corinthians,3,x,1,Sport,05/08/2017,Brasileiro,Cássio,Fagner,Balbuena,Pedro Henrique,Guilherme Arana,Gabriel,Maycon,Rodriguinho,Romero,Clayson,Jô,Pedrinho,Camacho,Léo Príncipe,,,,,,,,,
112,D,Corinthians,0,x,1,Vitória,19/08/2017,Brasileiro,Cássio,Fagner,Balbuena,Pedro Henrique,Guilherme Arana,Gabriel,Maycon,Rodriguinho,Romero,Clayson,Jô,Moisés,Marquinhos Gabriel,Jadson,,,,,,,,,
113,D,Corinthians,0,x,1,Atlético (GO),26/08/2017,Brasileiro,Cássio,Fagner,Pedro Henrique,Pablo,Moisés,Gabriel,Maycon,Jadson,Rodriguinho,Clayson,Kazim,Camacho,Marquinhos Gabriel,Carlinhos,,,,,,,,,
114,E,Corinthians,1,x,1,Racing,13/09/2017,Sulamericana,Cássio,Fagner,Balbuena,Pablo,Marciel,Gabriel,Maycon,Jadson,Rodriguinho,Romero,Jô,Camacho,Giovanni Augusto,Fellipe Bastos,,,,,,,,,
115,V,Corinthians,1,x,0,Vasco da Gama,17/09/2017,Brasileiro,Cássio,Fagner,Balbuena,Pablo,Guilherme Arana,Camacho,Maycon,Jadson,Rodriguinho,Romero,Jô,Marquinhos Gabriel,Giovanni Augusto,Kazim,,,,,,,,,
116,V,Corinthians,3,x,1,Coritiba,11/10/2017,Brasileiro,Cássio,Léo Príncipe,Balbuena,Pedro Henrique,Guilherme Arana,Camacho,Maycon,Jadson,Marquinhos Gabriel,Rodriguinho,Jô,Clayson,Fellipe Bastos,Kazim,,,,,,,,,
117,E,Corinthians,0,x,0,Grêmio,18/10/2017,Brasileiro,Cássio,Fagner,Balbuena,Pedro Henrique,Guilherme Arana,Gabriel,Maycon,Jadson,Rodriguinho,Romero,Jô,Clayson,Marquinhos Gabriel,Fellipe Bastos,,,,,,,,,
118,V,Corinthians,3,x,2,Palmeiras,05/11/2017,Brasileiro,Cássio,Fagner,Balbuena,Pablo,Guilherme Arana,Gabriel,Camacho,Rodriguinho,Romero,Clayson,Jô,Maycon,Fellipe Bastos,Jadson,,,,,,,,,
119,V,Corinthians,1,x,0,Avaí,11/11/2017,Brasileiro,Caíque França,Fagner,Balbuena,Pablo,Guilherme Arana,Gabriel,Camacho,Rodriguinho,Romero,Clayson,Kazim,Jadson,Maycon,Marquinhos Gabriel,,,,,,,,,
120,V,Corinthians,3,x,1,Fluminense,15/11/2017,Brasileiro,Caíque França,Fagner,Pedro Henrique,Pablo,Guilherme Arana,Gabriel,Camacho,Rodriguinho,Romero,Clayson,Jô,Jadson,Maycon,Danilo,,,,,,,,,
121,E,Corinthians,2,x,2,Atlético (MG),26/11/2017,Brasileiro,Cássio,Fagner,Balbuena,Pedro Henrique,Guilherme Arana,Gabriel,Camacho,Jadson,Rodriguinho,Clayson,Jô,Marquinhos Gabriel,Maycon,Pedrinho,,,,,,,,,
122,D,Corinthians,0,x,1,São Bento (Sorocaba),14/02/2018,Paulista,Cássio,Fagner,Balbuena,Henrique,Juninho Capixaba,Gabriel,Jadson,Rodriguinho,Marquinhos Gabriel,Romero,Júnior Dutra,Camacho,Clayson,Danilo,,,,,,,,,
123,V,Corinthians,2,x,0,Palmeiras,24/02/2018,Paulista,Cássio,Fagner,Balbuena,Henrique,Renê Júnior,Gabriel,Maycon,Jadson,Rodriguinho,Romero,Clayson,Mateus Vital,Júnior Dutra,Lucca,,,,,,,,,
124,V,Corinthians,1,x,0,Mirassol,07/03/2018,Paulista,Cássio,Fagner,Balbuena,Henrique,Sidcley,Ralf,Maycon,Jadson,Rodriguinho,Lucca,Clayson,Emerson,Pedrinho,Mateus Vital,,,,,,,,,
125,V,Corinthians,2,x,0,Deportivo Lara,14/03/2018,Libertadores,Cássio,Fagner,Balbuena,Henrique,Sidcley,Gabriel,Maycon,Rodriguinho,Romero,Emerson,Clayson,Mateus Vital,Júnior Dutra,Pedrinho,,,,,,,,,
126,V,Corinthians,2,x,0,Bragantino,22/03/2018,Paulista,Cássio,Mantuan,Balbuena,Henrique,Sidcley,Ralf,Maycon,Rodriguinho,Mateus Vital,Clayson,Júnior Dutra,Pedrinho,Romero,,,,,,,,,,
127,V,Corinthians,1,x,0,São Paulo,28/03/2018,Paulista,Cássio,Fagner,Pedro Henrique,Henrique,Sidcley,Gabriel,Maycon,Rodriguinho,Mateus Vital,Clayson,Emerson,Pedrinho,Mantuan,Danilo,,,,,,,,,
128,D,Corinthians,0,x,1,Palmeiras,31/03/2018,Paulista,Cássio,Fagner,Balbuena,Henrique,Sidcley,Gabriel,Maycon,Rodriguinho,Mateus Vital,Clayson,Emerson,Romero,Pedrinho,Danilo,,,,,,,,,
129,V,Corinthians,2,x,1,Fluminense,15/04/2018,Brasileiro,Cássio,Fagner,Balbuena,Henrique,Sidcley,Ralf,Renê Júnior,Rodriguinho,Mateus Vital,Romero,Clayson,Emerson,Maycon,Pedrinho,,,,,,,,,
130,D,Corinthians,1,x,2,Independiente,02/05/2018,Libertadores,Cássio,Mantuan,Balbuena,Henrique,Sidcley,Gabriel,Maycon,Jadson,Mateus Vital,Rodriguinho,Romero,Marquinhos Gabriel,Pedrinho,Emerson,,,,,,,,,
131,E,Corinthians,1,x,1,Ceará,06/05/2018,Brasileiro,Cássio,Mantuan,Pedro Henrique,Henrique,Sidcley,Gabriel,Maycon,Danilo,Marquinhos Gabriel,Pedrinho,Roger,Jadson,Mateus Vital,Emerson,,,,,,,,,
132,V,Corinthians,3,x,1,Vitória,10/05/2018,Copa do Brasil,Cássio,Mantuan,Balbuena,Henrique,Sidcley,Gabriel,Maycon,Jadson,Rodriguinho,Pedrinho,Romero,Emerson,Mateus Vital,Paulo Roberto,,,,,,,,,
133,V,Corinthians,1,x,0,Palmeiras,13/05/2018,Brasileiro,Cássio,Mantuan,Balbuena,Henrique,Sidcley,Gabriel,Maycon,Jadson,Rodriguinho,Pedrinho,Romero,Mateus Vital,Roger,Júnior Dutra,,,,,,,,,
134,D,Corinthians,0,x,1,Millonarios,24/05/2018,Libertadores,Walter,Mantuan,Balbuena,Henrique,Sidcley,Gabriel,Maycon,Jadson,Rodriguinho,Pedrinho,Romero,Mateus Vital,Marquinhos Gabriel,Júnior Dutra,,,,,,,,,
135,V,Corinthians,1,x,0,América (MG),31/05/2018,Brasileiro,Walter,Mantuan,Balbuena,Henrique,Sidcley,Gabriel,Paulo Roberto,Jadson,Mateus Vital,Rodriguinho,Pedrinho,Júnior Dutra,Roger,Marquinhos Gabriel,,,,,,,,,
136,E,Corinthians,1,x,1,Santos,06/06/2018,Brasileiro,Walter,Mantuan,Balbuena,Henrique,Sidcley,Gabriel,Maycon,Rodriguinho,Pedrinho,Romero,Roger,Emerson,Mateus Vital,,,,,,,,,,
137,E,Corinthians,0,x,0,Vitória,09/06/2018,Brasileiro,Walter,Mantuan,Pedro Henrique,Henrique,Sidcley,Gabriel,Maycon,Rodriguinho,Mateus Vital,Pedrinho,Roger,Marquinhos Gabriel,Emerson,Matheus Matias,,,,,,,,,
138,V,Corinthians,2,x,1,Grêmio,08/07/2018,Amistoso,Walter,Mantuan,Pedro Henrique,Henrique,Danilo Avelar,Gabriel,Renê Júnior,Rodriguinho,Pedrinho,Romero,Roger,Caíque França,Rodrigo Figueiredo,Marllon,Léo Santos,Juninho Capixaba,Ralf,Thiaguinho,Danilo,Marquinhos Gabriel,Mateus Vital,Matheus Matias,Carlos Augusto
139,E,Corinthians,2,x,2,Cruzeiro,11/07/2018,Amistoso,Cássio,Mantuan,Pedro Henrique,Henrique,Danilo Avelar,Gabriel,Renê Júnior,Rodriguinho,Mateus Vital,Romero,Matheus Matias,Paulo Roberto,Juninho Capixaba,Léo Santos,Jadson,Marquinhos Gabriel,Rodrigo Figueiredo,Pedrinho,Roger,,,,
140,V,Corinthians,2,x,0,Botafogo,18/07/2018,Brasileiro,Cássio,Fagner,Pedro Henrique,Henrique,Danilo Avelar,Gabriel,Renê Júnior,Rodriguinho,Mateus Vital,Romero,Roger,Marquinhos Gabriel,Jonathas,Paulo Roberto,,,,,,,,,
141,V,Corinthians,2,x,0,Cruzeiro,25/07/2018,Brasileiro,Cássio,Fagner,Léo Santos,Henrique,Danilo Avelar,Gabriel,Douglas,Jadson,Clayson,Romero,Jonathas,Pedrinho,Mateus Vital,Paulo Roberto,,,,,,,,,
142,V,Corinthians,1,x,0,Chapecoense,01/08/2018,Copa do Brasil,Cássio,Fagner,Pedro Henrique,Henrique,Danilo Avelar,Gabriel,Douglas,Jadson,Mateus Vital,Pedrinho,Romero,Araos,Emerson,Marquinhos Gabriel,,,,,,,,,
143,E,Corinthians,0,x,0,Athletico,04/08/2018,Brasileiro,Cássio,Léo Santos,Pedro Henrique,Henrique,Carlos Augusto,Douglas,Thiaguinho,Jadson,Pedrinho,Romero,Clayson,Mateus Vital,Araos,Danilo,,,,,,,,,
144,D,Corinthians,0,x,1,Grêmio,18/08/2018,Brasileiro,Walter,Fagner,Pedro Henrique,Henrique,Danilo Avelar,Gabriel,Ralf,Jadson,Pedrinho,Araos,Romero,Jonathas,Mateus Vital,Emerson,,,,,,,,,
145,V,Corinthians,1,x,0,Paraná,25/08/2018,Brasileiro,Cássio,Fagner,Pedro Henrique,Henrique,Danilo Avelar,Ralf,Douglas,Jadson,Pedrinho,Clayson,Roger,Walter,Mateus Vital,Araos,,,,,,,,,
146,V,Corinthians,2,x,1,Colo Colo,29/08/2018,Libertadores,Cássio,Fagner,Pedro Henrique,Henrique,Danilo Avelar,Ralf,Douglas,Jadson,Pedrinho,Romero,Roger,Léo Santos,Mateus Vital,Emerson,,,,,,,,,
147,E,Corinthians,1,x,1,Atlético (MG),01/09/2018,Brasileiro,Walter,Mantuan,Léo Santos,Marllon,Danilo Avelar,Gabriel,Ralf,Pedrinho,Araos,Romero,Roger,Danilo,Mateus Vital,Rodrigo Figueiredo,,,,,,,,,
148,V,Corinthians,2,x,1,Sport,16/09/2018,Brasileiro,Cássio,Paulo Roberto,Léo Santos,Henrique,Danilo Avelar,Ralf,Douglas,Jadson,Romero,Clayson,Roger,Mateus Vital,Pedrinho,Gabriel,,,,,,,,,
149,E,Corinthians,1,x,1,Internacional,23/09/2018,Brasileiro,Cássio,Fagner,Léo Santos,Henrique,Danilo Avelar,Gabriel,Douglas,Jadson,Mateus Vital,Romero,Clayson,Pedrinho,Araos,Emerson,,,,,,,,,
150,V,Corinthians,2,x,1,Flamengo,26/09/2018,Copa do Brasil,Cássio,Fagner,Léo Santos,Henrique,Danilo Avelar,Ralf,Douglas,Jadson,Mateus Vital,Romero,Clayson,Gabriel,Pedrinho,Araos,,,,,,,,,
151,D,Corinthians,0,x,3,Flamengo,05/10/2018,Brasileiro,Cássio,Gabriel,Léo Santos,Henrique,Danilo Avelar,Ralf,Douglas,Jadson,Mateus Vital,Romero,Clayson,Pedrinho,Emerson,Danilo,,,,,,,,,
152,D,Corinthians,1,x,2,Cruzeiro,17/10/2018,Copa do Brasil,Cássio,Fagner,Léo Santos,Henrique,Danilo Avelar,Gabriel,Ralf,Jadson,Romero,Emerson,Jonathas,Pedrinho,Clayson,Mateus Vital,,,,,,,,,
153,V,Corinthians,2,x,1,Bahia,27/10/2018,Brasileiro,Cássio,Fagner,Léo Santos,Henrique,Danilo Avelar,Ralf,Douglas,Pedrinho,Sergio Díaz,Romero,Emerson,Danilo,Mateus Vital,Araos,,,,,,,,,
154,E,Corinthians,1,x,1,São Paulo,10/11/2018,Brasileiro,Cássio,Fagner,Léo Santos,Henrique,Carlos Augusto,Ralf,Araos,Jadson,Pedrinho,Danilo,Romero,Thiaguinho,Roger,Clayson,,,,,,,,,
155,V,Corinthians,1,x,0,Vasco da Gama,17/11/2018,Brasileiro,Cássio,Fagner,Léo Santos,Henrique,Danilo Avelar,Ralf,Thiaguinho,Jadson,Mateus Vital,Pedrinho,Danilo,Clayson,Roger,Araos,,,,,,,,,
156,E,Corinthians,0,x,0,Chapecoense,25/11/2018,Brasileiro,Cássio,Fagner,Léo Santos,Henrique,Carlos Augusto,Ralf,Thiaguinho,Jadson,Mateus Vital,Pedrinho,Romero,Danilo,Rafael Bilu,Emerson,,,,,,,,,
157,E,Corinthians,1,x,1,Santos,13/01/2019,Amistoso,Cássio,Fagner,Pedro Henrique,Henrique,Danilo Avelar,Richard,Ramiro,Jadson,André Luis,Sornoza,Gustavo,Walter,Michel,Marllon,Léo Santos,Douglas,Thiaguinho,Araos,Marquinhos,Mateus Vital,Gustavo Silva,Roger,
158,E,Corinthians,1,x,1,São Caetano,20/01/2019,Paulista,Cássio,Fagner,Marllon,Henrique,Danilo Avelar,Richard,Ramiro,Jadson,André Luis,Sornoza,Gustavo,Pedrinho,Gustavo Silva,Mateus Vital,,,,,,,,,
159,V,Corinthians,1,x,0,Ponte Preta,26/01/2019,Paulista,Cássio,Léo Santos,Pedro Henrique,Marllon,Danilo Avelar,Thiaguinho,Araos,Mateus Vital,Gustavo Silva,Pedrinho,Gustavo,Jadson,Boselli,Fagner,,,,,,,,,
160,D,Corinthians,0,x,2,Red Bull,30/01/2019,Paulista,Cássio,Fagner,Manoel,Henrique,Léo Santos,Ralf,Thiaguinho,Ramiro,Mateus Vital,Jadson,Boselli,Danilo Avelar,Pedrinho,Gustavo,,,,,,,,,
161,E,Corinthians,1,x,1,Racing,14/02/2019,Sulamericana,Cássio,Fagner,Manoel,Henrique,Carlos Augusto,Ralf,Ramiro,Jadson,Sornoza,Gustavo,Vagner Love,Clayson,Sergio Díaz,Pedrinho,,,,,,,,,
162,V,Corinthians,2,x,1,São Paulo,17/02/2019,Paulista,Cássio,Fagner,Manoel,Henrique,Danilo Avelar,Ralf,Júnior Urso,Sornoza,Pedrinho,Clayson,Gustavo,Vagner Love,Mateus Vital,Richard,,,,,,,,,
163,V,Corinthians,4,x,2,Avenida,20/02/2019,Copa do Brasil,Cássio,Fagner,Manoel,Henrique,Danilo Avelar,Ralf,Júnior Urso,Sornoza,Pedrinho,Clayson,Gustavo,Vagner Love,Sergio Díaz,Boselli,,,,,,,,,
164,E,Corinthians,0,x,0,Santos,10/03/2019,Paulista,Cássio,Fagner,Manoel,Henrique,Danilo Avelar,Ralf,Júnior Urso,Sornoza,Pedrinho,Clayson,Boselli,Vagner Love,André Luis,Mateus Vital,,,,,,,,,
165,V,Corinthians,1,x,0,Oeste,17/03/2019,Paulista,Cássio,Michel,Manoel,Henrique,Danilo Avelar,Ralf,Júnior Urso,Sornoza,Pedrinho,Vagner Love,Boselli,Jadson,Richard,Clayson,,,,,,,,,
166,E,Corinthians,1,x,1,Ferroviária,27/03/2019,Paulista,Cássio,Michel,Manoel,Henrique,Danilo Avelar,Ralf,Júnior Urso,Jadson,Clayson,Vagner Love,Gustavo,Sornoza,Pedrinho,Boselli,,,,,,,,,
167,V,Corinthians,2,x,1,Santos,31/03/2019,Paulista,Cássio,Fagner,Manoel,Henrique,Danilo Avelar,Ralf,Júnior Urso,Sornoza,Clayson,Vagner Love,Gustavo,Pedrinho,Richard,Mateus Vital,,,,,,,,,
168,D,Corinthians,0,x,1,Ceará,03/04/2019,Copa do Brasil,Cássio,Fagner,Marllon,Henrique,Danilo Avelar,Ralf,Júnior Urso,Sornoza,Clayson,Vagner Love,Gustavo,Walter,Ramiro,Boselli,,,,,,,,,
169,V,Corinthians,2,x,1,São Paulo,21/04/2019,Paulista,Cássio,Fagner,Manoel,Henrique,Danilo Avelar,Ralf,Ramiro,Sornoza,Pedrinho,Clayson,Gustavo,Vagner Love,Boselli,Pedrinho,,,,,,,,,
170,V,Corinthians,2,x,0,Chapecoense,24/04/2019,Copa do Brasil,Cássio,Fagner,Manoel,Pedro Henrique,Carlos Augusto,Ralf,Ramiro,Sornoza,Pedrinho,Clayson,Boselli,Vagner Love,Mateus Vital,Michel,,,,,,,,,
171,V,Corinthians,1,x,0,Chapecoense,01/05/2019,Brasileiro,Cássio,Fagner,Manoel,Pedro Henrique,Carlos Augusto,Ralf,Ramiro,Sornoza,Pedrinho,Clayson,Boselli,Vagner Love,Janderson,Mateus Vital,,,,,,,,,
172,E,Corinthians,0,x,0,Grêmio,11/05/2019,Brasileiro,Cássio,Fagner,Manoel,Henrique,Danilo Avelar,Ralf,Ramiro,Sornoza,Mateus Vital,Clayson,Boselli,Vagner Love,Júnior Urso,Régis,,,,,,,,,
173,D,Corinthians,0,x,1,Flamengo,15/05/2019,Copa do Brasil,Cássio,Fagner,Manoel,Henrique,Danilo Avelar,Ralf,Sornoza,Mateus Vital,Clayson,Vagner Love,Boselli,Pedrinho,Jadson,Júnior Urso,,,,,,,,,
174,V,Corinthians,2,x,0,Deportivo Lara,23/05/2019,Sulamericana,Cássio,Fagner,Marllon,Henrique,Danilo Avelar,Ralf,Júnior Urso,Jadson,Pedrinho,Clayson,Vagner Love,Gustavo,Sornoza,Régis,,,,,,,,,
175,V,Corinthians,1,x,0,São Paulo,26/05/2019,Brasileiro,Cássio,Fagner,Manoel,Henrique,Danilo Avelar,Ralf,Júnior Urso,Sornoza,Pedrinho,Clayson,Vagner Love,Mateus Vital,Gustavo,Ramiro,,,,,,,,,
176,V,Corinthians,1,x,0,CSA,14/07/2019,Brasileiro,Cássio,Fagner,Manoel,Gil,Danilo Avelar,Ralf,Júnior Urso,Sornoza,Pedrinho,Clayson,Vagner Love,Régis,Boselli,Gabriel,,,,,,,,,
177,E,Corinthians,1,x,1,Flamengo,21/07/2019,Brasileiro,Cássio,Fagner,Manoel,Gil,Danilo Avelar,Gabriel,Júnior Urso,Sornoza,Pedrinho,Clayson,Vagner Love,Everaldo,Mateus Vital,Boselli,,,,,,,,,
178,V,Corinthians,2,x,0,Montevideo Wanderers,25/07/2019,Sulamericana,Cássio,Fagner,Manoel,Gil,Danilo Avelar,Gabriel,Júnior Urso,Sornoza,Pedrinho,Clayson,Vagner Love,Jadson,Mateus Vital,Boselli,,,,,,,,,
179,E,Corinthians,1,x,1,Palmeiras,04/08/2019,Brasileiro,Cássio,Fagner,Manoel,Gil,Danilo Avelar,Gabriel,Júnior Urso,Sornoza,Pedrinho,Clayson,Vagner Love,Mateus Vital,Matheus Jesus,Everaldo,,,,,,,,,
180,V,Corinthians,2,x,0,Goiás,07/08/2019,Brasileiro,Cássio,Fagner,Manoel,Gil,Carlos Augusto,Gabriel,Júnior Urso,Mateus Vital,Pedrinho,Clayson,Boselli,Jadson,Everaldo,Matheus Jesus,,,,,,,,,
181,V,Corinthians,2,x,0,Botafogo,17/08/2019,Brasileiro,Walter,Fagner,Manoel,Gil,Carlos Augusto,Gabriel,Júnior Urso,Mateus Vital,Pedrinho,Everaldo,Boselli,Gustavo,Clayson,Jadson,,,,,,,,,
182,E,Corinthians,0,x,0,Fluminense,22/08/2019,Sulamericana,Cássio,Fagner,Manoel,Gil,Danilo Avelar,Gabriel,Júnior Urso,Mateus Vital,Pedrinho,Clayson,Vagner Love,Jadson,Boselli,Gustavo,,,,,,,,,
183,V,Corinthians,1,x,0,Atlético (MG),01/09/2019,Brasileiro,Cássio,Fagner,Manoel,Gil,Danilo Avelar,Ralf,Júnior Urso,Mateus Vital,Pedrinho,Clayson,Vagner Love,Jadson,Gustavo,Janderson,,,,,,,,,
184,E,Corinthians,2,x,2,Ceará,07/09/2019,Brasileiro,Cássio,Michel,Manoel,Gil,Danilo Avelar,Gabriel,Júnior Urso,Jadson,Mateus Vital,Clayson,Vagner Love,Carlos Augusto,Gustavo,Ramiro,,,,,,,,,
185,D,Corinthians,0,x,2,Independiente Del Valle,18/09/2019,Sulamericana,Cássio,Fagner,Manoel,Gil,Danilo Avelar,Gabriel,Júnior Urso,Mateus Vital,Pedrinho,Clayson,Vagner Love,Matheus Jesus,Gustavo,Janderson,,,,,,,,,
186,V,Corinthians,2,x,1,Bahia,21/09/2019,Brasileiro,Cássio,Fagner,Manoel,Gil,Carlos Augusto,Ralf,Ramiro,Sornoza,Pedrinho,Clayson,Vagner Love,Jadson,Janderson,Gustavo,,,,,,,,,
187,V,Corinthians,1,x,0,Vasco da Gama,29/09/2019,Brasileiro,Cássio,Fagner,Manoel,Gil,Danilo Avelar,Ralf,Ramiro,Sornoza,Pedrinho,Clayson,Boselli,Jadson,Mateus Vital,Gustavo,,,,,,,,,
188,E,Corinthians,2,x,2,Athletico,10/10/2019,Brasileiro,Cássio,Fagner,Manoel,Gil,Danilo Avelar,Ralf,Ramiro,Mateus Vital,Clayson,Vagner Love,Boselli,Renê Júnior,Gustavo,Régis,,,,,,,,,
189,D,Corinthians,1,x,2,Cruzeiro,19/10/2019,Brasileiro,Walter,Fagner,Marllon,Bruno Méndez,Danilo Avelar,Ralf,Sornoza,Mateus Vital,Pedrinho,Janderson,Gustavo,Jadson,Vagner Love,Clayson,,,,,,,,,
190,E,Corinthians,0,x,0,Santos,26/10/2019,Brasileiro,Cássio,Michel,Manoel,Gil,Danilo Avelar,Ralf,Júnior Urso,Mateus Vital,Pedrinho,Vagner Love,Boselli,Sornoza,Janderson,Gustavo,,,,,,,,,
191,V,Corinthians,3,x,2,Fortaleza,06/11/2019,Brasileiro,Walter,Michel,Manoel,Gil,Danilo Avelar,Gabriel,Júnior Urso,Mateus Vital,Pedrinho,Janderson,Boselli,Clayson,Ramiro,Gustavo,,,,,,,,,
192,E,Corinthians,0,x,0,Internacional,17/11/2019,Brasileiro,Cássio,Fagner,Manoel,Gil,Danilo Avelar,Ralf,Júnior Urso,Sornoza,Mateus Vital,Janderson,Boselli,Clayson,Vagner Love,Gustavo,,,,,,,,,
193,V,Corinthians,3,x,0,Avaí,27/11/2019,Brasileiro,Cássio,Fagner,Manoel,Gil,Danilo Avelar,Gabriel,Júnior Urso,Pedrinho,Janderson,Clayson,Gustavo,Carlos Augusto,Jadson,Boselli,,,,,,,,,
194,D,Corinthians,1,x,2,Fluminense,08/12/2019,Brasileiro,Cássio,Fagner,Marllon,Gil,Carlos Augusto,Gabriel,Júnior Urso,Mateus Vital,Janderson,Vagner Love,Boselli,Lucas Piton,Jadson,Gustavo,,,,,,,,,
195,V,Corinthians,4,x,1,Botafogo (SP),23/01/2020,Paulista,Cássio,Fagner,Pedro Henrique,Gil,Lucas Piton,Richard,Camacho,Ramiro,Luan,Janderson,Boselli,Mateus Vital,Gabriel,Vagner Love,,,,,,,,,
196,V,Corinthians,2,x,0,Santos,02/02/2020,Paulista,Cássio,Fagner,Pedro Henrique,Gil,Sidcley,Camacho,Cantillo,Everaldo,Luan,Janderson,Boselli,Gabriel,Lucas Piton,Mateus Vital,,,,,,,,,
197,D,Corinthians,0,x,1,Internacional de Limeira,09/02/2020,Paulista,Cássio,Michel,Pedro Henrique,Bruno Méndez,Lucas Piton,Gabriel,Cantillo,Mateus Vital,Everaldo,Madson,Gustavo,Vagner Love,Fagner,Luan,,,,,,,,,
198,V,Corinthians,2,x,1,Guaraní (PAR),12/02/2020,Libertadores,Cássio,Fagner,Pedro Henrique,Gil,Sidcley,Camacho,Cantillo,Pedrinho,Luan,Vagner Love,Boselli,Lucas Piton,Gustavo,Janderson,,,,,,,,,
199,E,Corinthians,1,x,1,Santo André,26/02/2020,Paulista,Walter,Fagner,Pedro Henrique,Gil,Lucas Piton,Gabriel,Cantillo,Pedrinho,Luan,Yony,Vagner Love,Boselli,Janderson,Everaldo,,,,,,,,,
200,E,Corinthians,1,x,1,Ituano,15/03/2020,Paulista,Cássio,Fagner,Pedro Henrique,Gil,Carlos Augusto,Camacho,Cantillo,Everaldo,Luan,Yony,Boselli,Janderson,Araos,Vagner Love,,,,,,,,,
201,V,Corinthians,1,x,0,Palmeiras,22/07/2020,Paulista,Cássio,Fagner,Danilo Avelar,Gil,Carlos Augusto,Gabriel,Camacho,Ramiro,Luan,Everaldo,Boselli,Éderson,Janderson,Mateus Vital,Sidcley,,,,,,,,
202,V,Corinthians,1,x,0,Mirassol,02/08/2020,Paulista,Cássio,Fagner,Danilo Avelar,Gil,Carlos Augusto,Gabriel,Éderson,Ramiro,Luan,Mateus Vital,Jô,Janderson,Sidcley,Araos,Camacho,Léo Natel,,,,,,,
203,E,Corinthians,0,x,0,Palmeiras,05/08/2020,Paulista,Cássio,Fagner,Danilo Avelar,Gil,Carlos Augusto,Gabriel,Éderson,Ramiro,Luan,Mateus Vital,Jô,Araos,Cantillo,Léo Natel,,,,,,,,,
204,V,Corinthians,3,x,1,Coritiba,19/08/2020,Brasileiro,Cássio,Fagner,Danilo Avelar,Gil,Sidcley,Gabriel,Cantillo,Ramiro,Araos,Léo Natel,Jô,Éderson,Gustavo Silva,Ruan Oliveira,Lucas Piton,Camacho,,,,,,,
205,E,Corinthians,1,x,1,Fortaleza,26/08/2020,Brasileiro,Cássio,Fagner,Danilo Avelar,Gil,Sidcley,Éderson,Cantillo,Ruan Oliveira,Araos,Léo Natel,Jô,Mateus Vital,Luan,Gustavo Silva,Boselli,,,,,,,,
206,E,Corinthians,2,x,2,Botafogo,05/09/2020,Brasileiro,Cássio,Fagner,Danilo Avelar,Gil,Lucas Piton,Camacho,Cantillo,Ramiro,Gustavo Silva,Araos,Jô,Otero,Mateus Vital,Léo Natel,Boselli,,,,,,,,
207,D,Corinthians,0,x,2,Palmeiras,10/09/2020,Brasileiro,Cássio,Fagner,Danilo Avelar,Gil,Lucas Piton,Gabriel,Cantillo,Ramiro,Gustavo Silva,Otero,Jô,Michel,Éderson,Mateus Vital,Léo Natel,Sidcley,,,,,,,
208,V,Corinthians,3,x,2,Bahia,16/09/2020,Brasileiro,Cássio,Fagner,Danilo Avelar,Gil,Lucas Piton,Xavier,Roni,Mateus Vital,Araos,Otero,Everaldo,Ramiro,Léo Natel,Gustavo Silva,Sidcley,Bruno Méndez,,,,,,,
209,E,Corinthians,0,x,0,Atlético (GO),30/09/2020,Brasileiro,Cássio,Michel,Danilo Avelar,Gil,Lucas Piton,Roni,Cantillo,Otero,Luan,Léo Natel,Jô,Ramiro,Cazares,Camacho,Boselli,Gustavo Mantuan,,,,,,,
210,E,Corinthians,1,x,1,Santos,07/10/2020,Brasileiro,Cássio,Fagner,Danilo Avelar,Gil,Lucas Piton,Gabriel,Roni,Gustavo Mantuan,Luan,Léo Natel,Jô,Cazares,Gustavo Silva,Boselli,Camacho,Mateus Vital,,,,,,,
211,D,Corinthians,1,x,5,Flamengo,18/10/2020,Brasileiro,Cássio,Fagner,Marllon,Gil,Lucas Piton,Xavier,Camacho,Otero,Mateus Vital,Everaldo,Boselli,Luan,Gustavo Mantuan,Cazares,Gustavo Silva,Gabriel,,,,,,,
212,D,Corinthians,0,x,1,América (MG),28/10/2020,Copa do Brasil,Cássio,Fagner,Marllon,Gil,Lucas Piton,Xavier,Éderson,Ramiro,Cazares,Mateus Vital,Everaldo,Léo Natel,Boselli,Sidcley,Cantillo,Luan,,,,,,,
213,V,Corinthians,1,x,0,Internacional,31/10/2020,Brasileiro,Cássio,Fagner,Marllon,Gil,Fábio Santos,Xavier,Éderson,Ramiro,Cazares,Otero,Matheus Davó,Léo Natel,Luan,Camacho,Gabriel,,,,,,,,
214,D,Corinthians,1,x,2,Atlético (MG),14/11/2020,Brasileiro,Cássio,Fagner,Marllon,Gil,Lucas Piton,Gabriel,Roni,Ramiro,Luan,Everaldo,Matheus Davó,Léo Natel,Éderson,Jonathan Cafú,Cantillo,Araos,,,,,,,
215,E,Corinthians,0,x,0,Grêmio,22/11/2020,Brasileiro,Cássio,Fagner,Marllon,Gil,Fábio Santos,Gabriel,Cantillo,Otero,Luan,Jonathan Cafú,Matheus Davó,Bruno Méndez,Xavier,Lucas Piton,Camacho,Léo Natel,,,,,,,
216,V,Corinthians,1,x,0,São Paulo,13/11/2020,Brasileiro,Cássio,Fagner,Bruno Méndez,Gil,Fábio Santos,Gabriel,Cantillo,Ramiro,Cazares,Otero,Léo Natel,Camacho,Gustavo Silva,Luan,Mateus Vital,Lucas Piton,,,,,,,
217,V,Corinthians,2,x,1,Goiás,21/12/2020,Brasileiro,Cássio,Fagner,Bruno Méndez,Gil,Fábio Santos,Gabriel,Ramiro,Otero,Gustavo Silva,Cazares,Jô,Gabriel Pereira,Xavier,Léo Natel,Luan,Walter,,,,,,,
218,V,Corinthians,5,x,0,Fluminense,13/01/2021,Brasileiro,Cássio,Fagner,Jemerson,Gil,Fábio Santos,Gabriel,Cantillo,Mateus Vital,Gustavo Silva,Cazares,Jô,Camacho,Léo Natel,Gabriel Pereira,Everaldo,Luan,,,,,,,
219,V,Corinthians,3,x,0,Sport,21/01/2021,Brasileiro,Cássio,Fagner,Jemerson,Bruno Méndez,Fábio Santos,Camacho,Ramiro,Mateus Vital,Gustavo Silva,Cazares,Jô,Léo Natel,Xavier,Everaldo,Marllon,Cantillo,,,,,,,
220,D,Corinthians,0,x,2,Bragantino,25/01/2021,Brasileiro,Cássio,Fagner,Bruno Méndez,Gil,Fábio Santos,Gabriel,Ramiro,Mateus Vital,Gustavo Silva,Cazares,Jô,Léo Natel,Otero,Everaldo,Luan,Gabriel Pereira,,,,,,,
221,V,Corinthians,2,x,1,Ceará,03/02/2021,Brasileiro,Cássio,Fagner,Bruno Méndez,Gil,Fábio Santos,Gabriel,Cantillo,Otero,Gustavo Silva,Araos,Léo Natel,Mateus Vital,Jô,Xavier,Ramiro,Camacho,,,,,,,
222,E,Corinthians,3,x,3,Athletico,10/02/2021,Brasileiro,Cássio,Fagner,Bruno Méndez,Gil,Fábio Santos,Gabriel,Cantillo,Otero,Gustavo Silva,Araos,Léo Natel,Lucas Piton,Mateus Vital,Ramiro,Xavier,Jô,,,,,,,
223,E,Corinthians,0,x,0,Vasco da Gama,21/02/2021,Brasileiro,Cássio,Fagner,Jemerson,Gil,Fábio Santos,Gabriel,Ramiro,Mateus Vital,Gustavo Silva,Araos,Léo Natel,Gabriel Pereira,Michel,Cazares,Jô,Otero,,,,,,,
224,E,Corinthians,0,x,0,Palmeiras,03/03/2021,Paulista,Matheus Donelli,Bruno Méndez,Jemerson,Gil,Lucas Piton,Roni,Cantillo,Cazares,Mateus Vital,Rodrigo Varanda,Jô,Otero,Xavier,Luan,Antony,,,,,,,,
225,V,Corinthians,2,x,1,Ponte Preta,07/03/2021,Paulista,Matheus Donelli,Bruno Méndez,Jemerson,Gil,João Victor,Roni,Cantillo,Mateus Vital,Luan,Rodrigo Varanda,Antony,Jô,Otero,Araos,Adson,,,,,,,,
226,E,Corinthians,1,x,1,São Bento (Sorocaba),16/04/2021,Paulista,Cássio,Fagner,Bruno Méndez,Gil,Fábio Santos,Gabriel,Cantillo,Vitinho,Gustavo Silva,Rodrigo Varanda,Cauê,Jô,Otero,Luan,Léo Natel,Gabriel Pereira,,,,,,,
227,V,Corinthians,2,x,0,Ituano,18/04/2021,Paulista,Cássio,João Victor,Jemerson,Raul Gustavo,Lucas Piton,Xavier,Camacho,Otero,Luan,Léo Natel,Jô,Gabriel Pereira,Ramiro,Roni,Araos,Léo Santos,,,,,,,
228,D,Corinthians,0,x,2,Peñarol,29/04/2021,Sulamericana,Cássio,Fagner,Gil,Bruno Méndez,Fábio Santos,Camacho,Cantillo,Otero,Luan,Léo Natel,Jô,Ramiro,Gustavo Silva,Vitinho,Gabriel Pereira,Cauê,,,,,,,
229,E,Corinthians,2,x,2,São Paulo,02/05/2021,Paulista,Cássio,Fagner,Jemerson,Raul Gustavo,Lucas Piton,João Victor,Gabriel,Ramiro,Luan,Otero,Cauê,Gustavo Silva,Roni,Gil,Mateus Vital,,,,,,,,
230,V,Corinthians,2,x,1,Grêmio Novorizontino,09/05/2021,Paulista,Matheus Donelli,Mandaca,Gil,Bruno Méndez,Fábio Santos,Camacho,Roni,Gabriel Pereira,Mateus Vital,Gustavo Silva,Jô,Léo Natel,Adson,Felipe Augusto,Matheus Araújo,Léo Santos,,,,,,,
231,V,Corinthians,4,x,1,Internacional de Limeira,11/05/2021,Paulista,Cássio,Fagner,Jemerson,João Victor,Lucas Piton,Raul Gustavo,Gabriel,Ramiro,Luan,Otero,Cauê,Gustavo Silva,Mateus Vital,Roni,Fábio Santos,Léo Natel,,,,,,,
232,D,Corinthians,0,x,2,Palmeiras,16/05/2021,Paulista,Cássio,Mandaca,Jemerson,João Victor,Lucas Piton,Raul Gustavo,Gabriel,Ramiro,Luan,Otero,Cauê,Gil,Gustavo Silva,Mateus Vital,Léo Natel,Jô,,,,,,,
233,V,Corinthians,5,x,0,Sport Huncayo,20/05/2021,Sulamericana,Cássio,João Victor,Gil,Raul Gustavo,Lucas Piton,Gabriel,Camacho,Araos,Mateus Vital,Gustavo Silva,Luan,Jô,Roni,Adson,Ramiro,Léo Natel,,,,,,,
234,V,Corinthians,4,x,0,River Plate (PAR),26/05/2021,Sulamericana,Cássio,Bruno Méndez,Raul Gustavo,João Victor,Fábio Santos,Roni,Ramiro,Araos,Mateus Vital,Adson,Jô,Matheus Donelli,Cantillo,Vitinho,Cauê,Gabriel Pereira,,,,,,,
235,D,Corinthians,0,x,1,Atlético (GO),30/05/2021,Brasileiro,Cássio,Fagner,Gil,Raul Gustavo,Lucas Piton,Roni,Camacho,Ramiro,Mateus Vital,Gustavo Silva,Luan,Araos,Adson,Cantillo,Jô,,,,,,,,
236,D,Corinthians,0,x,2,Atlético (GO),02/06/2021,Copa do Brasil,Cássio,Fagner,Gil,Raul Gustavo,Lucas Piton,Camacho,Ramiro,Araos,Mateus Vital,Gustavo Silva,Luan,Gabriel,Bruno Méndez,Léo Natel,Jô,Roni,,,,,,,
237,D,Corinthians,1,x,2,Bragantino,16/06/2021,Brasileiro,Cássio,Fagner,Gil,João Victor,Fábio Santos,Gabriel,Cantillo,Roni,Mateus Vital,Gustavo Silva,Luan,Araos,Léo Natel,Ramiro,,,,,,,,,
238,V,Corinthians,2,x,1,Sport,24/06/2021,Brasileiro,Cássio,Fagner,Gil,João Victor,Fábio Santos,Gabriel,Cantillo,Vitinho,Mateus Vital,Gustavo Silva,Jô,Ramiro,Felipe Augusto,Xavier,Roni,,,,,,,,
239,E,Corinthians,0,x,0,São Paulo,30/06/2021,Brasileiro,Cássio,Fagner,Gil,João Victor,Fábio Santos,Gabriel,Cantillo,Vitinho,Mateus Vital,Gustavo Silva,Jô,Marquinhos,Roni,Xavier,,,,,,,,,
240,E,Corinthians,1,x,1,Internacional,03/07/2021,Brasileiro,Cássio,Fagner,Gil,João Victor,Fábio Santos,Roni,Cantillo,Vitinho,Mateus Vital,Gustavo Silva,Jô,Araos,Luan,Marquinhos,,,,,,,,,
241,D,Corinthians,1,x,2,Atlético (MG),17/07/2021,Brasileiro,Cássio,Fagner,Gil,João Victor,Fábio Santos,Gabriel,Cantillo,Roni,Mateus Vital,Gustavo Silva,Jô,Vitinho,Marquinhos,Luan,Araos,,,,,,,,
242,D,Corinthians,1,x,3,Flamengo,01/08/2021,Brasileiro,Cássio,Fagner,Gil,João Victor,Fábio Santos,Gabriel,Cantillo,Roni,Adson,Gustavo Silva,Jô,Vitinho,Xavier,Araos,Marquinhos,Mateus Vital,,,,,,,
243,V,Corinthians,3,x,1,Ceará,15/08/2021,Brasileiro,Cássio,Fagner,Gil,João Victor,Fábio Santos,Gabriel,Roni,Giuliano,Adson,Gustavo Silva,Jô,Renato Augusto,Mateus Vital,Marquinhos,Xavier,,,,,,,,
244,E,Corinthians,1,x,1,Juventude,07/09/2021,Brasileiro,Cássio,Fagner,Gil,João Victor,Fábio Santos,Gabriel,Renato Augusto,Roger Guedes,Giuliano,Gustavo Silva,Jô,Luan,Gabriel Pereira,,,,,,,,,,
245,E,Corinthians,1,x,1,América (MG),19/09/2021,Brasileiro,Cássio,Fagner,Gil,João Victor,Fábio Santos,Gabriel,Willian,Gabriel Pereira,Giuliano,Roger Guedes,Jô,Renato Augusto,Gustavo Silva,Luan,,,,,,,,,
246,V,Corinthians,2,x,1,Palmeiras,25/09/2021,Brasileiro,Cássio,Fagner,Gil,João Victor,Fábio Santos,Cantillo,Renato Augusto,Gabriel Pereira,Giuliano,Willian,Roger Guedes,Gustavo Silva,Du Queiroz,Jô,Vitinho,Xavier,,,,,,,
247,V,Corinthians,3,x,1,Bahia,05/10/2021,Brasileiro,Cássio,Fagner,Gil,João Victor,Lucas Piton,Cantillo,Renato Augusto,Gabriel Pereira,Giuliano,Willian,Roger Guedes,Jô,Gabriel,Luan,Adson,Gustavo Silva,,,,,,,
248,V,Corinthians,1,x,0,Fluminense,13/10/2021,Brasileiro,Cássio,Fagner,Gil,João Victor,Fábio Santos,Cantillo,Renato Augusto,Gabriel Pereira,Giuliano,Willian,Roger Guedes,Gustavo Silva,Gabriel,Vitinho,Adson,,,,,,,,
249,V,Corinthians,1,x,0,Chapecoense,01/11/2021,Brasileiro,Matheus Donelli,Fagner,Gil,João Victor,Fábio Santos,Gabriel,Du Queiroz,Gabriel Pereira,Giuliano,Renato Augusto,Roger Guedes,Gustavo Silva,Jô,Adson,,,,,,,,,
250,V,Corinthians,1,x,0,Fortaleza,06/11/2021,Brasileiro,Cássio,Fagner,Gil,João Victor,Fábio Santos,Gabriel,Du Queiroz,Gabriel Pereira,Giuliano,Renato Augusto,Roger Guedes,Gustavo Silva,Cantillo,Jô,Xavier,,,,,,,,
251,V,Corinthians,3,x,2,Cuiabá,13/11/2021,Brasileiro,Cássio,Fagner,Gil,João Victor,Lucas Piton,Gabriel,Renato Augusto,Gabriel Pereira,Giuliano,Roger Guedes,Jô,Gustavo Silva,Vitinho,Luan,Du Queiroz,Xavier,,,,,,,
252,V,Corinthians,2,x,0,Santos,21/11/2021,Brasileiro,Cássio,Fagner,Gil,João Victor,Fábio Santos,Gabriel,Du Queiroz,Gabriel Pereira,Renato Augusto,Roger Guedes,Jô,Willian,Roni,Gustavo Silva,,,,,,,,,
253,V,Corinthians,1,x,0,Athletico,28/11/2021,Brasileiro,Cássio,Fagner,Gil,João Victor,Fábio Santos,Gabriel,Du Queiroz,Gabriel Pereira,Renato Augusto,Roger Guedes,Jô,Willian,Gustavo Silva,Xavier,Roni,,,,,,,,
254,E,Corinthians,1,x,1,Grêmio,05/12/2021,Brasileiro,Cássio,Du Queiroz,Gil,João Victor,Fábio Santos,Xavier,Renato Augusto,Giuliano,Willian,Roger Guedes,Jô,Gabriel Pereira,Gustavo Silva,Vitinho,Luan,,,,,,,,
255,E,Corinthians,0,x,0,Ferroviária,25/01/2022,Paulista,Cássio,Fagner,Gil,João Victor,Lucas Piton,Du Queiroz,Renato Augusto,Giuliano,Willian,Roger Guedes,Gustavo Mantuan,Paulinho,Gabriel Pereira,Gustavo Silva,,,,,,,,,
256,D,Corinthians,1,x,2,Santos,02/02/2022,Paulista,Matheus Donelli,Fagner,Gil,João Victor,Lucas Piton,Du Queiroz,Renato Augusto,Giuliano,Gabriel Pereira,Roger Guedes,Gustavo Mantuan,Jô,Gustavo Silva,Paulinho,Adson,,,,,,,,
257,V,Corinthians,2,x,1,Mirassol,10/02/2022,Paulista,Cássio,Fagner,Gil,João Victor,Lucas Piton,Du Queiroz,Paulinho,Renato Augusto,Giuliano,Roger Guedes,Gustavo Mantuan,Willian,Cantillo,Roni,Gustavo Silva,Jô,,,,,,,
258,V,Corinthians,3,x,0,São Bernardo,16/02/2022,Paulista,Cássio,Fagner,Gil,João Victor,Fábio Santos,Du Queiroz,Paulinho,Renato Augusto,Giuliano,Roger Guedes,Willian,João Pedro,Cantillo,Gustavo Mantuan,Luan,Jô,,,,,,,
259,V,Corinthians,1,x,0,Bragantino,27/02/2022,Paulista,Cássio,Fagner,Gil,João Victor,Lucas Piton,Du Queiroz,Paulinho,Renato Augusto,Giuliano,Roger Guedes,Willian,Gustavo Silva,Jô,Roni,Gabriel Pereira,,,,,,,,
260,V,Corinthians,5,x,0,Ponte Preta,12/03/2022,Paulista,Cássio,Fagner,Gil,João Victor,Lucas Piton,Du Queiroz,Paulinho,Renato Augusto,Gustavo Silva,Roger Guedes,Willian,Cantillo,Adson,Jô,Giuliano,Gustavo Mantuan,,,,,,,
261,E,Corinthians,1,x,1,Guarani,24/03/2022,Paulista,Cássio,Fagner,Gil,João Victor,Lucas Piton,Du Queiroz,Paulinho,Renato Augusto,Gustavo Silva,Roger Guedes,Willian,Júnior Moraes,Adson,Gustavo Mantuan,Giuliano,Fábio Santos,,,,,,,
262,V,Corinthians,1,x,0,Deportivo Cali,13/04/2022,Libertadores,Cássio,Fagner,Gil,Raul Gustavo,Fábio Santos,Maycon,Paulinho,Renato Augusto,Willian,Gustavo Mantuan,Jô,Lucas Piton,Du Queiroz,Roger Guedes,Giuliano,Bruno Melo,,,,,,,
263,V,Corinthians,3,x,0,Avaí,16/04/2022,Brasileiro,Cássio,Rafael Ramos,Raul Gustavo,João Victor,Lucas Piton,Du Queiroz,Maycon,Renato Augusto,Adson,Roger Guedes,Júnior Moraes,Giuliano,Roni,Willian,Gustavo Mantuan,Giovane,,,,,,,
264,V,Corinthians,2,x,0,Boca Juniors,26/04/2022,Libertadores,Cássio,Fagner,Raul Gustavo,João Victor,Fábio Santos,Du Queiroz,Maycon,Renato Augusto,Willian,Adson,Jô,Gustavo Mantuan,Roger Guedes,Paulinho,Cantillo,Gustavo Silva,,,,,,,
265,V,Corinthians,1,x,0,Fortaleza,01/05/2022,Brasileiro,Cássio,Rafael Ramos,Gil,João Victor,Lucas Piton,Maycon,Paulinho,Renato Augusto,Willian,Roger Guedes,Júnior Moraes,Du Queiroz,Raul Gustavo,Jô,Gustavo Mantuan,Gustavo Silva,,,,,,,
266,V,Corinthians,2,x,0,Portuguesa (RJ),11/05/2022,Copa do Brasil,Cássio,Lucas Piton,Robson,João Victor,Fábio Santos,Roni,Maycon,Giuliano,Adson,Gustavo Silva,Júnior Moraes,Ivan,Giovane,Cantillo,Gustavo Mantuan,Wesley,,,,,,,
267,E,Corinthians,1,x,1,São Paulo,22/05/2022,Brasileiro,Cássio,João Victor,Gil,Raul Gustavo,Fábio Santos,Du Queiroz,Maycon,Renato Augusto,Willian,Gustavo Mantuan,Jô,Adson,Júnior Moraes,Lucas Piton,Giuliano,Matheus Donelli,,,,,,,
268,E,Corinthians,1,x,1,Always Ready,26/05/2022,Libertadores,Ivan,Gustavo Mantuan,Gil,Robson,Lucas Piton,Roni,Maycon,Giuliano,Adson,Gustavo Silva,Júnior Moraes,Willian,Renato Augusto,Jô,Roger Guedes,Du Queiroz,,,,,,,
269,E,Corinthians,1,x,1,América (MG),29/05/2022,Brasileiro,Cássio,Rafael Ramos,Gil,Raul Gustavo,Fábio Santos,Roni,Du Queiroz,Renato Augusto,Willian,Roger Guedes,Júnior Moraes,Adson,Gustavo Silva,Maycon,Lucas Piton,Giuliano,,,,,,,
270,V,Corinthians,2,x,0,Juventude,11/06/2022,Brasileiro,Cássio,Rafael Ramos,Gil,Raul Gustavo,Fábio Santos,Du Queiroz,Giuliano,Renato Augusto,Adson,Roger Guedes,Willian,Gustavo Mantuan,Cantillo,Lucas Piton,Roni,Felipe Augusto,,,,,,,
271,V,Corinthians,1,x,0,Goiás,19/06/2022,Brasileiro,Cássio,Rafael Ramos,Gil,Raul Gustavo,Fábio Santos,Du Queiroz,Cantillo,Renato Augusto,Adson,Roger Guedes,Gustavo Mantuan,Giuliano,Lucas Piton,Robson,Xavier,Fagner,,,,,,,
272,V,Corinthians,4,x,0,Santos,22/06/2022,Copa do Brasil,Cássio,Fagner,João Victor,Raul Gustavo,Lucas Piton,Du Queiroz,Cantillo,Giuliano,Willian,Roger Guedes,Gustavo Mantuan,Robert Renan,Roni,Adson,Xavier,Matheus Araújo,,,,,,,
273,E,Corinthians,0,x,0,Santos,25/06/2022,Brasileiro,Cássio,Rafael Ramos,Robert Renan,Raul Gustavo,Fábio Santos,Du Queiroz,Roni,Cantillo,Adson,Felipe Augusto,Gustavo Mantuan,Giuliano,Willian,Júnior Moraes,Fagner,Lucas Piton,,,,,,,
274,E,Corinthians,0,x,0,Boca Juniors,28/06/2022,Brasileiro,Cássio,Fagner,João Victor,Raul Gustavo,Lucas Piton,Roni,Giuliano,Adson,Willian,Roger Guedes,Gustavo Mantuan,Bruno Méndez,Júnior Moraes,João Pedro,Fábio Santos,,,,,,,,
275,V,Corinthians,1,x,0,Flamengo,10/07/2022,Brasileiro,Cássio,Rafael Ramos,Gil,Raul Gustavo,Fábio Santos,Du Queiroz,Cantillo,Lucas Piton,Giuliano,Adson,Roger Guedes,Roni,Gustavo Silva,Bruno Méndez,Bruno Melo,Giovane,,,,,,,
276,V,Corinthians,3,x,1,Coritiba,20/07/2022,Brasileiro,Cássio,Rafael Ramos,Gil,Raul Gustavo,Lucas Piton,Roni,Cantillo,Maycon,Willian,Roger Guedes,Yuri Alberto,Fagner,Gustavo Silva,Adson,Giuliano,Du Queiroz,,,,,,,
277,V,Corinthians,1,x,0,Botafogo,30/07/2022,Brasileiro,Cássio,Rafael Ramos,Bruno Méndez,Balbuena,Fábio Santos,Roni,Fausto,Giuliano,Giovane,Gustavo Silva,Roger Guedes,Du Queiroz,Willian,Yuri Alberto,Adson,Maycon,,,,,,,
278,D,Corinthians,0,x,2,Flamengo,02/08/2022,Libertadores,Cássio,Fagner,Bruno Méndez,Balbuena,Lucas Piton,Du Queiroz,Cantillo,Maycon,Adson,Gustavo Silva,Yuri Alberto,Fausto,Giuliano,Roger Guedes,Giovane,Roni,,,,,,,
279,D,Corinthians,0,x,1,Palmeiras,13/08/2022,Brasileiro,Cássio,Rafael Ramos,Bruno Méndez,Balbuena,Lucas Piton,Du Queiroz,Fausto,Renato Augusto,Gustavo Silva,Roger Guedes,Yuri Alberto,Fagner,Adson,Roni,,,,,,,,,
280,V,Corinthians,4,x,1,Atlético (GO),17/08/2022,Copa do Brasil,Cássio,Fagner,Gil,Balbuena,Fábio Santos,Du Queiroz,Fausto,Renato Augusto,Adson,Roger Guedes,Yuri Alberto,Giuliano,Cantillo,Gustavo Silva,Giovane,Júnior Moraes,,,,,,,
281,V,Corinthians,1,x,0,Bragantino,29/08/2022,Brasileiro,Cássio,Fagner,Gil,Balbuena,Lucas Piton,Du Queiroz,Fausto,Renato Augusto,Gustavo Silva,Roger Guedes,Yuri Alberto,Fábio Santos,Ramiro,Mateus Vital,Cantillo,Bruno Méndez,,,,,,,
282,E,Corinthians,2,x,2,Internacional,04/09/2022,Brasileiro,Cássio,Fagner,Gil,Balbuena,Fábio Santos,Fausto,Ramiro,Giuliano,Gustavo Silva,Roger Guedes,Yuri Alberto,Rafael Ramos,Cantillo,Bruno Méndez,Roni,Mateus Vital,,,,,,,
283,V,Corinthians,3,x,0,Fluminense,15/09/2022,Copa do Brasil,Cássio,Fagner,Gil,Balbuena,Fábio Santos,Du Queiroz,Fausto,Renato Augusto,Gustavo Silva,Roger Guedes,Yuri Alberto,Giuliano,Mateus Vital,Adson,Xavier,Lucas Piton,,,,,,,
284,V,Corinthians,2,x,1,Atlético (GO),28/09/2022,Brasileiro,Cássio,Fagner,Gil,Bruno Méndez,Fábio Santos,Du Queiroz,Fausto,Renato Augusto,Gustavo Silva,Roger Guedes,Yuri Alberto,Lucas Piton,Adson,Giuliano,Mateus Vital,,,,,,,,
285,V,Corinthians,2,x,0,Cuiabá,01/10/2022,Brasileiro,Cássio,Fagner,Raul Gustavo,Balbuena,Lucas Piton,Du Queiroz,Fausto,Renato Augusto,Adson,Roger Guedes,Yuri Alberto,Gil,Giuliano,Mateus Vital,Ramiro,Arthur Sousa,,,,,,,
286,V,Corinthians,2,x,1,Athletico,08/10/2022,Brasileiro,Carlos Miguel,Fagner,Robert Renan,Balbuena,Lucas Piton,Fausto,Ramiro,Mateus Vital,Giuliano,Adson,Roger Guedes,Yuri Alberto,Rafael Ramos,Gustavo Silva,Du Queiroz,Maycon,,,,,,,
287,E,Corinthians,0,x,0,Flamengo,12/10/2022,Copa do Brasil,Cássio,Fagner,Gil,Balbuena,Fábio Santos,Du Queiroz,Fausto,Renato Augusto,Adson,Roger Guedes,Yuri Alberto,Giuliano,Mateus Vital,Ramiro,Gustavo Silva,,,,,,,,
288,D,Corinthians,0,x,2,Fluminense,26/10/2022,Brasileiro,Cássio,Fagner,Gil,Balbuena,Fábio Santos,Du Queiroz,Fausto,Renato Augusto,Mateus Vital,Gustavo Silva,Roger Guedes,Ramiro,Giuliano,Bruno Méndez,Giovane,Roni,,,,,,,
289,V,Corinthians,1,x,0,Ceará,05/11/2022,Brasileiro,Cássio,Fagner,Gil,Robert Renan,Lucas Piton,Du Queiroz,Fausto,Renato Augusto,Ramiro,Mateus Vital,Yuri Alberto,Fábio Santos,Roger Guedes,Giuliano,Maycon,,,,,,,,
290,D,Corinthians,0,x,1,Atlético (MG),13/11/2022,Brasileiro,Cássio,Fagner,Gil,Robert Renan,Fábio Santos,Du Queiroz,Fausto,Maycon,Ramiro,Roger Guedes,Yuri Alberto,Renato Augusto,Mateus Vital,Giovane,,,,,,,,,
291,V,Corinthians,3,x,0,Água Santa,18/01/2023,Paulista,Cássio,Fagner,Bruno Méndez,Balbuena,Fábio Santos,Du Queiroz,Maycon,Renato Augusto,Adson,Roger Guedes,Yuri Alberto,Roni,Giuliano,Romero,Cantillo,Matheus Bidu,,,,,,,
292,V,Corinthians,2,x,1,Guarani,24/01/2023,Paulista,Cássio,Fagner,Gil,Balbuena,Fábio Santos,Du Queiroz,Maycon,Renato Augusto,Adson,Roger Guedes,Yuri Alberto,Roni,Giuliano,Romero,Cantillo,Bruno Méndez,,,,,,,
293,V,Corinthians,2,x,0,Botafogo (SP),05/02/2023,Paulista,Cássio,Fagner,Gil,Bruno Méndez,Fábio Santos,Roni,Giuliano,Renato Augusto,Adson,Roger Guedes,Romero,Júnior Moraes,Paulinho,Fausto,Rafael Ramos,Matheus Araújo,,,,,,,
294,E,Corinthians,2,x,2,Palmeiras,16/02/2023,Paulista,Cássio,Fagner,Gil,Bruno Méndez,Fábio Santos,Roni,Giuliano,Renato Augusto,Adson,Roger Guedes,Yuri Alberto,Romero,Fausto,,,,,,,,,,
295,V,Corinthians,3,x,0,Mirassol,19/02/2023,Paulista,Cássio,Fagner,Gil,Bruno Méndez,Fábio Santos,Roni,Giuliano,Renato Augusto,Adson,Roger Guedes,Yuri Alberto,Rafael Ramos,Paulinho,Du Queiroz,Fausto,Maycon,,,,,,,
296,V,Corinthians,3,x,1,Santo André,04/03/2023,Paulista,Carlos Miguel,Fagner,Caetano,Balbuena,Fábio Santos,Fausto,Giuliano,Renato Augusto,Matheus Araújo,Roger Guedes,Yuri Alberto,Paulinho,Du Queiroz,Maycon,Romero,Pedro,,,,,,,
297,E,Corinthians,1,x,1,Ituano,12/03/2023,Paulista,Cássio,Fagner,Gil,Bruno Méndez,Fábio Santos,Roni,Giuliano,Paulinho,Adson,Roger Guedes,Yuri Alberto,Pedro,Maycon,Fausto,,,,,,,,,
298,V,Corinthians,2,x,1,Cruzeiro,16/04/2023,Brasileiro,Cássio,Fagner,Gil,Bruno Méndez,Matheus Bidu,Roni,Fausto,Giuliano,Chrystian Barletta,Roger Guedes,Yuri Alberto,Matheus Araújo,Cantillo,Adson,Du Queiroz,Fábio Santos,,,,,,,
299,D,Corinthians,0,x,1,Argentinos Juniors,19/04/2023,Libertadores,Cássio,Fagner,Gil,Balbuena,Fábio Santos,Fausto,Cantillo,Giuliano,Matheus Araújo,Roger Guedes,Yuri Alberto,Du Queiroz,Roni,Romero,Paulinho,,,,,,,,
300,V,Corinthians,2,x,0,Remo,26/04/2023,Copa do Brasil,Cássio,Fagner,Gil,Bruno Méndez,Fábio Santos,Fausto,Roni,Giuliano,Adson,Roger Guedes,Yuri Alberto,Matheus Araújo,Matheus Bidu,Maycon,Murillo,Paulinho,,,,,,,
301,D,Corinthians,1,x,2,Independiente Del Valle,02/05/2023,Libertadores,Cássio,Fagner,Gil,Murillo,Matheus Bidu,Fausto,Maycon,Giuliano,Adson,Roger Guedes,Yuri Alberto,Pedro,Paulinho,Du Queiroz,Matheus Araújo,Romero,,,,,,,
302,E,Corinthians,1,x,1,Fortaleza,08/05/2023,Brasileiro,Cássio,Fagner,Gil,Murillo,Fábio Santos,Fausto,Roni,Matheus Araújo,Adson,Roger Guedes,Pedro,Guilherme Biro,Yuri Alberto,Matheus Bidu,Romero,Paulinho,,,,,,,
303,E,Corinthians,1,x,1,São Paulo,14/05/2023,Brasileiro,Cássio,Fagner,Gil,Murillo,Matheus Bidu,Fausto,Maycon,Giuliano,Wesley,Roger Guedes,Yuri Alberto,Adson,Matheus Araújo,Felipe Augusto,Roni,,,,,,,,
304,V,Corinthians,2,x,0,Fluminense,28/05/2023,Brasileiro,Cássio,Bruno Méndez,Gil,Murillo,Matheus Bidu,Fausto,Maycon,Roni,Adson,Roger Guedes,Yuri Alberto,Renato Augusto,Wesley,Fagner,Felipe Augusto,Giuliano,,,,,,,
305,V,Corinthians,2,x,0,Atlético (MG),31/05/2023,Brasileiro,Cássio,Fagner,Gil,Murillo,Matheus Bidu,Bruno Méndez,Fausto,Maycon,Renato Augusto,Roger Guedes,Yuri Alberto,Adson,Fábio Santos,Caetano,,,,,,,,,
306,E,Corinthians,1,x,1,Cuiabá,10/06/2023,Brasileiro,Cássio,Bruno Méndez,Gil,Murillo,Matheus Bidu,Fausto,Maycon,Renato Augusto,Guilherme Biro,Roger Guedes,Pedro,Adson,Fagner,Yuri Alberto,Ruan Oliveira,Wesley,,,,,,,
307,V,Corinthians,3,x,0,Liverpool (URU),28/06/2023,Libertadores,Carlos Miguel,Rafael Ramos,Caetano,Murillo,Fábio Santos,Fausto,Giuliano,Matheus Araújo,Adson,Wesley,Felipe Augusto,Pedro,Giovane,Gabriel Moscardo,Léo Mana,Ryan Gustavo,,,,,,,
308,D,Corinthians,0,x,1,Bragantino,02/07/2023,Brasileiro,Cássio,Fagner,Gil,Murillo,Matheus Bidu,Gabriel Moscardo,Maycon,Ruan Oliveira,Guilherme Biro,Roger Guedes,Yuri Alberto,Matheus Araújo,Caetano,Wesley,Roni,Felipe Augusto,,,,,,,
309,V,Corinthians,1,x,0,Universitario,11/07/2023,Sulamericana,Carlos Miguel,Rafael Ramos,Caetano,Bruno Méndez,Matheus Bidu,Guilherme Biro,Giuliano,Matheus Araújo,Adson,Pedro,Felipe Augusto,Giovane,Renato Augusto,Romero,Maycon,Léo Mana,,,,,,,
310,V,Corinthians,3,x,2,América (MG),15/07/2023,Copa do Brasil,Cássio,Fagner,Gil,Murillo,Fábio Santos,Gabriel Moscardo,Fausto,Renato Augusto,Matías Rojas,Roger Guedes,Yuri Alberto,Ruan Oliveira,Bruno Méndez,Giuliano,Adson,Matheus Araújo,,,,,,,
311,V,Corinthians,2,x,1,São Paulo,25/07/2023,Copa do Brasil,Cássio,Fagner,Gil,Murillo,Fábio Santos,Fausto,Maycon,Renato Augusto,Ruan Oliveira,Roger Guedes,Yuri Alberto,Adson,Felipe Augusto,Matheus Araújo,Roni,Bruno Méndez,,,,,,,
312,V,Corinthians,3,x,1,Vasco da Gama,29/07/2023,Brasileiro,Cássio,Bruno Méndez,Gil,Caetano,Fábio Santos,Maycon,Ruan Oliveira,Renato Augusto,Adson,Roger Guedes,Yuri Alberto,Fagner,Fausto,Matheus Bidu,Matheus Araújo,Guilherme Biro,,,,,,,
313,V,Corinthians,2,x,1,Newell's OId Boys,01/08/2023,Sulamericana,Cássio,Fagner,Bruno Méndez,Murillo,Matheus Bidu,Maycon,Ruan Oliveira,Matheus Araújo,Guilherme Biro,Adson,Yuri Alberto,Carlos Miguel,Wesley,Romero,Fausto,Gil,,,,,,,
314,V,Corinthians,3,x,1,Coritiba,13/08/2023,Brasileiro,Cássio,Fagner,Gil,Murillo,Fábio Santos,Gabriel Moscardo,Ruan Oliveira,Renato Augusto,Maycon,Adson,Yuri Alberto,Bruno Méndez,Matheus Bidu,Wesley,Giuliano,Matías Rojas,,,,,,,
315,V,Corinthians,1,x,0,Estudiantes,22/08/2023,Sulamericana,Cássio,Bruno Méndez,Gil,Murillo,Fábio Santos,Gabriel Moscardo,Maycon,Renato Augusto,Guilherme Biro,Matías Rojas,Yuri Alberto,Gustavo Silva,Romero,Giuliano,Ruan Oliveira,,,,,,,,
316,E,Corinthians,1,x,1,Goiás,26/08/2023,Brasileiro,Cássio,Léo Mana,Lucas Veríssimo,Caetano,Matheus Bidu,Gabriel Moscardo,Giuliano,Ruan Oliveira,Romero,Wesley,Yuri Alberto,Gustavo Silva,Maycon,Bruno Méndez,Renato Augusto,Matías Rojas,,,,,,,
317,E,Corinthians,0,x,0,Palmeiras,03/09/2023,Brasileiro,Cássio,Bruno Méndez,Gil,Lucas Veríssimo,Fábio Santos,Gabriel Moscardo,Maycon,Giuliano,Matías Rojas,Wesley,Yuri Alberto,Ruan Oliveira,Romero,Gustavo Silva,Matheus Bidu,Fausto,,,,,,,
318,E,Corinthians,4,x,0,Grêmio,18/09/2023,Brasileiro,Cássio,Fagner,Lucas Veríssimo,Caetano,Fábio Santos,Gabriel Moscardo,Maycon,Renato Augusto,Matías Rojas,Pedro,Yuri Alberto,Giuliano,Wesley,Gustavo Silva,Cantillo,,,,,,,,
319,V,Corinthians,1,x,0,Botafogo,22/09/2023,Brasileiro,Cássio,Bruno Méndez,Gil,Lucas Veríssimo,Matheus Bidu,Gabriel Moscardo,Maycon,Matías Rojas,Wesley,Pedro,Yuri Alberto,Renato Augusto,Fagner,Romero,Gustavo Silva,Fábio Santos,,,,,,,
320,E,Corinthians,1,x,1,Fortaleza,26/09/2023,Sulamericana,Cássio,Fagner,Gil,Lucas Veríssimo,Fábio Santos,Gabriel Moscardo,Maycon,Renato Augusto,Giuliano,Wesley,Yuri Alberto,Romero,Gustavo Silva,,,,,,,,,,
321,E,Corinthians,1,x,1,Flamengo,07/10/2023,Brasileiro,Cássio,Bruno Méndez,Gil,Lucas Veríssimo,Fábio Santos,Gabriel Moscardo,Maycon,Renato Augusto,Matías Rojas,Wesley,Yuri Alberto,Fagner,Giuliano,Pedro,Romero,Felipe Augusto,,,,,,,
