GOL,JOGO,JOGADOR,ASSISTENCIA,MINUTO,TEMPO,SETOR,AREA,ESTILO,CAMISA,NUM CAMISA,TIT/RES,RES,PLACAR,ADVERSÁRIO,CAMPEONATO,DATA,DIA-SEMANA,HORA,LINK
1,2,Jadson,Fagner,25,1T,Norte,FA,Pé Esquerdo,1,10,TITULAR,E,1 x 1,Botafogo,Brasileiro,01/06/2014,DOM,16:00,https://www.youtube.com/watch?v=uBZTPBOsYh4
2,3,Guerrero,Jadson,7,1T,Sul,DA,Pé Esquerdo,1,9,TITULAR,V,2 x 1,Internacional,Brasileiro,17/07/2014,QUI,19:30,https://www.youtube.com/watch?v=ueyaq-24FY8
3,3,Fagner,Luciano,10,1T,Sul,DA,Pé Direito,1,35,TITULAR,V,2 x 1,Internacional,Brasileiro,17/07/2014,QUI,19:30,https://www.youtube.com/watch?v=ueyaq-24FY8
4,4,Elias,Petros,18,1T,Sul,DA,Pé Direito,1,7,TITULAR,V,3 x 0,Bahia,Copa do Brasil,23/07/2014,QUA,22:00,https://www.youtube.com/watch?v=_qxlaXJ6Z64
5,4,Romero,Ralf,32,1T,Sul,DA,Cabeça,1,11,TITULAR,V,3 x 0,Bahia,Copa do Brasil,23/07/2014,QUA,22:00,https://www.youtube.com/watch?v=_qxlaXJ6Z64
6,4,Renato Augusto,(Pênalti),90,2T,Norte,DA,Pé Direito,1,8,RESERVA,V,3 x 0,Bahia,Copa do Brasil,23/07/2014,QUA,22:00,https://www.youtube.com/watch?v=_qxlaXJ6Z64
7,5,Guerrero,Elias,51,2T,Norte,DA,Pé Direito,1,9,TITULAR,V,2 x 0,Palmeiras,Brasileiro,27/07/2014,DOM,16:00,https://www.youtube.com/watch?v=v8YNki5duZQ
8,5,Petros,Elias,90+1,2T,Norte,DA,Pé Direito,1,40,TITULAR,V,2 x 0,Palmeiras,Brasileiro,27/07/2014,DOM,16:00,https://www.youtube.com/watch?v=v8YNki5duZQ
9,6,Gil,Guerrero,43,1T,Sul,DA,Cabeça,1,4,TITULAR,E,1 x 1,Bahia,Brasileiro,16/08/2014,SÁB,21:00,https://www.youtube.com/watch?v=sJUSPUOvvTc
10,7,Guerrero,Jadson,22,1T,Sul,DA,Cabeça,1,9,TITULAR,V,5 x 2,Goiás,Brasileiro,21/08/2014,QUI,19:30,https://www.youtube.com/watch?v=wxuubAKTJw4
11,7,Elias,X,65,2T,Norte,DA,Pé Direito,1,7,TITULAR,V,5 x 2,Goiás,Brasileiro,21/08/2014,QUI,19:30,https://www.youtube.com/watch?v=wxuubAKTJw4
12,7,Luciano,Lodeiro,78,2T,Norte,DA,Cabeça,1,18,RESERVA,V,5 x 2,Goiás,Brasileiro,21/08/2014,QUI,19:30,https://www.youtube.com/watch?v=wxuubAKTJw4
13,7,Luciano,Jadson,85,2T,Norte,FA,Pé Esquerdo,1,18,RESERVA,V,5 x 2,Goiás,Brasileiro,21/08/2014,QUI,19:30,https://www.youtube.com/watch?v=wxuubAKTJw4
14,7,Luciano,X,89,2T,Norte,DA,Pé Esquerdo,1,18,RESERVA,V,5 x 2,Goiás,Brasileiro,21/08/2014,QUI,19:30,https://www.youtube.com/watch?v=wxuubAKTJw4
15,8,Romarinho,Renato Augusto,74,2T,Norte,DA,Pé Esquerdo,1,31,TITULAR,E,1 x 1,Fluminense,Brasileiro,31/08/2014,DOM,16:00,https://www.youtube.com/watch?v=DfukbGx49Mw
16,9,Renato Augusto,Romarinho,4,1T,Sul,DA,Pé Direito,1,8,TITULAR,V,3 x 1,Bragantino,Copa do Brasil,03/09/2014,QUA,22:00,https://www.youtube.com/watch?v=bPw_kThZkdc
17,9,Ralf,Renato Augusto,15,1T,Sul,DA,Cabeça,1,5,TITULAR,V,3 x 1,Bragantino,Copa do Brasil,03/09/2014,QUA,22:00,https://www.youtube.com/watch?v=bPw_kThZkdc
18,9,Felipe,Renato Augusto,20,1T,Sul,DA,Cabeça,1,28,TITULAR,V,3 x 1,Bragantino,Copa do Brasil,03/09/2014,QUA,22:00,https://www.youtube.com/watch?v=bPw_kThZkdc
19,10,Petros,Romero,14,1T,Sul,DA,Pé Direito,2,40,TITULAR,V,1 x 0,Atlético (MG),Brasileiro,11/09/2014,QUI,19:30,https://www.youtube.com/watch?v=uxrYvS9Ibvw
20,11,Malcom,Jadson,10,1T,Sul,DA,Pé Esquerdo,1,21,TITULAR,E,1 x 1,Chapecoense,Brasileiro,18/09/2014,QUI,19:30,https://www.youtube.com/watch?v=Nn_-ZtdTytw
21,12,Fábio Santos,(Pênalti),36,1T,Sul,DA,Pé Esquerdo,1,6,TITULAR,V,3 x 2,São Paulo,Brasileiro,21/09/2014,DOM,16:00,https://www.youtube.com/watch?v=GfHhIms19ys
22,12,Fábio Santos,(Pênalti),66,2T,Norte,DA,Pé Esquerdo,1,6,TITULAR,V,3 x 2,São Paulo,Brasileiro,21/09/2014,DOM,16:00,https://www.youtube.com/watch?v=GfHhIms19ys
23,12,Guerrero,Danilo,74,2T,Norte,DA,Pé Direito,1,9,TITULAR,V,3 x 2,São Paulo,Brasileiro,21/09/2014,DOM,16:00,https://www.youtube.com/watch?v=GfHhIms19ys
24,13,Guerrero,Renato Augusto,25,1T,Norte,DA,Cabeça,2,9,TITULAR,V,2 x 0,Atlético (MG),Copa do Brasil,01/10/2014,QUA,22:00,https://www.youtube.com/watch?v=yidoIxdOUP8
25,13,Luciano,Guerrero,82,2T,Sul,DA,Pé Esquerdo,2,18,RESERVA,V,2 x 0,Atlético (MG),Copa do Brasil,01/10/2014,QUA,22:00,https://www.youtube.com/watch?v=yidoIxdOUP8
26,14,Anderson Martins,Renato Augusto,25,1T,Norte,DA,Cabeça,1,23,TITULAR,V,3 x 0,Sport,Brasileiro,04/10/2014,SÁB,18:30,https://www.youtube.com/watch?v=ccOj_BtxFws
27,14,Guerrero,Luciano,73,2T,Sul,DA,Pé Esquerdo,1,9,TITULAR,V,3 x 0,Sport,Brasileiro,04/10/2014,SÁB,18:30,https://www.youtube.com/watch?v=ccOj_BtxFws
28,14,Luciano,Danilo,90+3,2T,Sul,FA,Pé Esquerdo,1,18,RESERVA,V,3 x 0,Sport,Brasileiro,04/10/2014,SÁB,18:30,https://www.youtube.com/watch?v=ccOj_BtxFws
29,15,Elias,Romero,46,2T,Norte,DA,Joelho D,1,7,TITULAR,E,2 x 2,Coritiba,Brasileiro,01/11/2014,SÁB,21:30,https://www.youtube.com/watch?v=c9AQcDBNe5k
30,15,Bruno Henrique,Uendel,90+5,2T,Norte,DA,Cabeça,1,25,TITULAR,E,2 x 2,Coritiba,Brasileiro,01/11/2014,SÁB,21:30,https://www.youtube.com/watch?v=c9AQcDBNe5k
31,16,Guerrero,Renato Augusto,7,1T,Sul,DA,Pé Esquerdo,2,9,TITULAR,V,1 x 0,Santos,Brasileiro,09/11/2014,DOM,19:30,https://www.youtube.com/watch?v=i0l9UbNqJaM
32,17,Guerrero,Luciano,83,2T,Sul,DA,Pé Esquerdo,1,9,TITULAR,V,1 x 0,Grêmio,Brasileiro,23/11/2014,DOM,19:30,https://www.youtube.com/watch?v=i0l9UbNqJaM
33,18,Elias,Petros,26,1T,Sul,DA,Pé Direito,1,7,TITULAR,V,2 x 1,Criciúma,Brasileiro,06/12/2014,SÁB,16:30,https://www.youtube.com/watch?v=h-qRoog_Mio
34,18,Fábio Santos,Renato Augusto,72,2T,Norte,DA,Pé Esquerdo,1,6,TITULAR,V,2 x 1,Criciúma,Brasileiro,06/12/2014,SÁB,16:30,https://www.youtube.com/watch?v=h-qRoog_Mio
35,19,Danilo,Luciano,79,2T,Sul,DA,Pé Esquerdo,1,20,RESERVA,V,3 x 0,Corinthian-Casuals,Amistoso,24/01/2015,SÁB,17:00,https://www.youtube.com/watch?v=hS1c3ibs9Yo
36,19,Luciano,Mendoza,90,2T,Sul,DA,Pé Direito,1,18,RESERVA,V,3 x 0,Corinthian-Casuals,Amistoso,24/01/2015,SÁB,17:00,https://www.youtube.com/watch?v=hS1c3ibs9Yo
37,19,Luciano,Jadson,90+6,2T,Sul,DA,Pé Esquerdo,1,18,RESERVA,V,3 x 0,Corinthian-Casuals,Amistoso,24/01/2015,SÁB,17:00,https://www.youtube.com/watch?v=hS1c3ibs9Yo
38,20,Renato Augusto,Jadson,11,1T,Sul,DA,Pé Direito,1,8,TITULAR,V,3 x 0,Marília,Paulista,01/02/2015,DOM,17:00,https://www.youtube.com/watch?v=QqHTdsisOzk
39,20,Fagner,Renato Augusto,56,2T,Norte,FA,Pé Direito,1,35,TITULAR,V,3 x 0,Marília,Paulista,01/02/2015,DOM,17:00,https://www.youtube.com/watch?v=QqHTdsisOzk
40,20,Guerrero,Renato Augusto,59,2T,Norte,DA,Pé Direito,1,9,TITULAR,V,3 x 0,Marília,Paulista,01/02/2015,DOM,17:00,https://www.youtube.com/watch?v=QqHTdsisOzk
41,21,Emerson,Guerrero,1,1T,Sul,FA,Pé Direito,1,11,TITULAR,V,4 x 0,Once Caldas,Libertadores,04/02/2015,QUA,22:00,https://www.youtube.com/watch?v=OdOqdMpaXkg
42,21,Felipe,Jadson,55,2T,Norte,DA,Cabeça,1,22,TITULAR,V,4 x 0,Once Caldas,Libertadores,04/02/2015,QUA,22:00,https://www.youtube.com/watch?v=OdOqdMpaXkg
43,21,Elias,Renato Augusto,70,2T,Norte,DA,Pé Direito,1,7,TITULAR,V,4 x 0,Once Caldas,Libertadores,04/02/2015,QUA,22:00,https://www.youtube.com/watch?v=OdOqdMpaXkg
44,21,Fagner,Renato Augusto,79,2T,Norte,DA,Pé Direito,1,23,TITULAR,V,4 x 0,Once Caldas,Libertadores,04/02/2015,QUA,22:00,https://www.youtube.com/watch?v=OdOqdMpaXkg
45,22,Fábio Santos,(Pênalti),43,1T,Sul,DA,Pé Esquerdo,1,6,TITULAR,V,2 x 1,Botafogo (SP),Paulista,14/02/2015,SÁB,17:00,https://www.youtube.com/watch?v=Yrn1viwMbtI
46,22,Fábio Santos,(Pênalti),90+5,2T,Norte,DA,Pé Esquerdo,1,6,TITULAR,V,2 x 1,Botafogo (SP),Paulista,14/02/2015,SÁB,17:00,https://www.youtube.com/watch?v=Yrn1viwMbtI
47,23,Elias,Jadson,12,1T,Norte,DA,Pé Direito,1,7,TITULAR,V,2 x 0,São Paulo,Libertadores,18/02/2015,QUA,22:00,https://www.youtube.com/watch?v=bv7udEn7l30
48,23,Jadson,Emerson,68,2T,Sul,DA,Pé Esquerdo,1,10,TITULAR,V,2 x 0,São Paulo,Libertadores,18/02/2015,QUA,22:00,https://www.youtube.com/watch?v=bv7udEn7l30
49,24,Jadson,Guerrero,59,2T,Norte,FA,Pé Direito,1,10,TITULAR,V,3 x 0,Mogi Mirim,Paulista,01/03/2015,DOM,16:00,https://www.youtube.com/watch?v=uSBVCcRF9Is
50,24,Luciano,Guerrero,76,2T,Norte,DA,Pé Esquerdo,1,18,RESERVA,V,3 x 0,Mogi Mirim,Paulista,01/03/2015,DOM,16:00,https://www.youtube.com/watch?v=uSBVCcRF9Is
51,24,Guerrero,Luciano,89,2T,Norte,DA,Pé Direito,1,9,TITULAR,V,3 x 0,Mogi Mirim,Paulista,01/03/2015,DOM,16:00,https://www.youtube.com/watch?v=uSBVCcRF9Is
52,25,Malcom,Vagner Love,31,1T,Sul,DA,Pé Esquerdo,1,21,TITULAR,V,1 x 0,São Bernardo,Paulista,11/03/2015,QUA,22:00,https://www.youtube.com/watch?v=UxTdMwTiVu8
53,27,Malcom,Danilo,28,1T,Norte,DA,Cabeça,1,21,TITULAR,V,2 x 0,Portuguesa,Paulista,24/03/2015,TER,19:30,https://www.youtube.com/watch?v=IAQuYjddjVg
54,27,Malcom,X,64,2T,Sul,DA,Pé Direito,1,21,TITULAR,V,2 x 0,Portuguesa,Paulista,24/03/2015,TER,19:30,https://www.youtube.com/watch?v=IAQuYjddjVg
55,28,Guerrero,X,10,1T,Sul,DA,Pé Direito,1,9,TITULAR,V,5 x 3,Penapolense,Paulista,26/03/2015,QUI,19:30,https://www.youtube.com/watch?v=mG4ii0N87ZI
56,28,Yago,Renato Augusto,12,1T,Sul,DA,Cabeça,1,3,TITULAR,V,5 x 3,Penapolense,Paulista,26/03/2015,QUI,19:30,https://www.youtube.com/watch?v=mG4ii0N87ZI
57,28,Emerson,Guerrero,27,1T,Sul,DA,Pé Direito,1,11,TITULAR,V,5 x 3,Penapolense,Paulista,26/03/2015,QUI,19:30,https://www.youtube.com/watch?v=mG4ii0N87ZI
58,28,Petros,Jadson,30,1T,Sul,DA,Pé Direito,1,40,TITULAR,V,5 x 3,Penapolense,Paulista,26/03/2015,QUI,19:30,https://www.youtube.com/watch?v=mG4ii0N87ZI
59,28,Guerrero,Jadson,53,2T,Norte,DA,Pé Direito,1,9,TITULAR,V,5 x 3,Penapolense,Paulista,26/03/2015,QUI,19:30,https://www.youtube.com/watch?v=mG4ii0N87ZI
60,29,Jadson,(Falta),27,1T,Sul,FA,Pé Direito,1,10,TITULAR,V,4 x 0,Danubio,Libertadores,01/04/2015,QUA,22:00,https://www.youtube.com/watch?v=yukqIwne3CA
61,29,Guerrero,Elias,34,1T,Sul,DA,Cabeça,1,9,TITULAR,V,4 x 0,Danubio,Libertadores,01/04/2015,QUA,22:00,https://www.youtube.com/watch?v=yukqIwne3CA
62,29,Guerrero,Emerson,46,2T,Norte,DA,Pé Direito,1,9,TITULAR,V,4 x 0,Danubio,Libertadores,01/04/2015,QUA,22:00,https://www.youtube.com/watch?v=yukqIwne3CA
63,29,Guerrero,Jadson,68,2T,Norte,DA,Pé Direito,1,9,TITULAR,V,4 x 0,Danubio,Libertadores,01/04/2015,QUA,22:00,https://www.youtube.com/watch?v=yukqIwne3CA
64,30,Felipe,Jadson,42,1T,Sul,DA,Cabeça,2,28,TITULAR,E,1 x 1,Santos,Paulista,05/04/2015,DOM,16:00,https://www.youtube.com/watch?v=661LPakJZzg
65,31,Renato Augusto,Vagner Love,56,2T,Sul,DA,Pé Direito,1,8,TITULAR,V,1 x 0,Ponte Preta,Paulista,11/04/2015,SÁB,16:20,https://www.youtube.com/watch?v=m3WRkgNZ66Y
66,33,Danilo,Jadson,34,1T,Sul,DA,Cabeça,1,20,TITULAR,E,2 x 2,Palmeiras,Paulista,19/04/2015,DOM,16:00,https://www.youtube.com/watch?v=GMSraa1yGuE
67,33,Mendoza,Bruno Henrique,44,1T,Sul,FA,Pé Esquerdo,1,30,TITULAR,E,2 x 2,Palmeiras,Paulista,19/04/2015,DOM,16:00,https://www.youtube.com/watch?v=GMSraa1yGuE
68,36,Jadson,(Falta),51,2T,Sul,FA,Pé Direito,1,10,TITULAR,V,2 x 1,Internacional,Brasileiro,13/06/2015,SÁB,16:30,https://www.youtube.com/watch?v=UrZMmLPYPyg
69,36,Vagner Love,X,67,2T,Sul,DA,Pé Esquerdo,1,99,RESERVA,V,2 x 1,Internacional,Brasileiro,13/06/2015,SÁB,16:30,https://www.youtube.com/watch?v=UrZMmLPYPyg
70,37,Vagner Love,Uendel,55,2T,Norte,DA,Pé Direito,2,99,TITULAR,V,2 x 1,Figueirense,Brasileiro,27/06/2015,SÁB,21:00,https://www.youtube.com/watch?v=-RDzeBpgULM
71,37,Jadson,(Pênalti),65,2T,Norte,DA,Pé Direito,2,10,TITULAR,V,2 x 1,Figueirense,Brasileiro,27/06/2015,SÁB,21:00,https://www.youtube.com/watch?v=-RDzeBpgULM
72,38,Jadson,Elias,41,1T,Norte,DA,Pé Direito,1,10,TITULAR,V,2 x 0,Ponte Preta,Brasileiro,02/07/2015,QUI,19:30,https://www.youtube.com/watch?v=3gTa6pBI5o4
73,38,Vagner Love,X,90+6,2T,Sul,DA,Pé Direito,1,99,TITULAR,V,2 x 0,Ponte Preta,Brasileiro,02/07/2015,QUI,19:30,https://www.youtube.com/watch?v=3gTa6pBI5o4
74,39,Elias,Jadson,34,1T,Sul,DA,Pé Direito,1,7,TITULAR,V,2 x 0,Athletico,Brasileiro,09/07/2015,QUI,19:30,https://www.youtube.com/watch?v=snlqqyteb7E
75,39,Jadson,(Falta),77,2T,Norte,FA,Pé Direito,1,10,TITULAR,V,2 x 0,Athletico,Brasileiro,09/07/2015,QUI,19:30,https://www.youtube.com/watch?v=snlqqyteb7E
76,40,Malcom,Vagner Love,42,1T,Norte,DA,Pé Esquerdo,2,21,TITULAR,V,1 x 0,Atlético (MG),Brasileiro,18/07/2015,SÁB,21:00,https://www.youtube.com/watch?v=W1nHH76Ra_0
77,41,Renato Augusto,Elias,47,2T,Norte,DA,Pé Direito,1,8,TITULAR,V,3 x 0,Vasco da Gama,Brasileiro,29/07/2015,QUA,22:00,https://www.youtube.com/watch?v=bldPrfQ4goQ
78,41,Gil,X,61,2T,Norte,DA,Pé Direito,1,4,TITULAR,V,3 x 0,Vasco da Gama,Brasileiro,29/07/2015,QUA,22:00,https://www.youtube.com/watch?v=bldPrfQ4goQ
79,41,Elias,Malcom,77,2T,Norte,FA,Pé Direito,1,7,TITULAR,V,3 x 0,Vasco da Gama,Brasileiro,29/07/2015,QUA,22:00,https://www.youtube.com/watch?v=bldPrfQ4goQ
80,42,Luciano,Elias,13,1T,Sul,DA,Pé Esquerdo,1,18,TITULAR,V,4 x 3,Sport,Brasileiro,12/08/2015,QUA,22:00,https://www.youtube.com/watch?v=A6tzQ35pP3Y
81,42,Luciano,X,45+2,1T,Sul,DA,Pé Esquerdo,1,18,TITULAR,V,4 x 3,Sport,Brasileiro,12/08/2015,QUA,22:00,https://www.youtube.com/watch?v=A6tzQ35pP3Y
82,42,(GC) Samuel Xavier,(GC),60,2T,Norte,DA,Pé Direito,(GC),(GC),(GC TITULAR),V,4 x 3,Sport,Brasileiro,12/08/2015,QUA,22:00,https://www.youtube.com/watch?v=A6tzQ35pP3Y
83,42,Jadson,(Pênalti),87,2T,Norte,DA,Pé Direito,1,10,TITULAR,V,4 x 3,Sport,Brasileiro,12/08/2015,QUA,22:00,https://www.youtube.com/watch?v=A6tzQ35pP3Y
84,43,Vagner Love,X,15,1T,Sul,DA,Pé Direito,1,99,TITULAR,V,3 x 0,Cruzeiro,Brasileiro,23/08/2015,DOM,16:00,https://www.youtube.com/watch?v=rV-hEgFpPSE
85,43,Jadson,Renato Augusto,44,1T,Sul,DA,Pé Direito,1,10,TITULAR,V,3 x 0,Cruzeiro,Brasileiro,23/08/2015,DOM,16:00,https://www.youtube.com/watch?v=rV-hEgFpPSE
86,43,Vagner Love,Malcom,48,2T,Norte,DA,Pé Direito,1,99,TITULAR,V,3 x 0,Cruzeiro,Brasileiro,23/08/2015,DOM,16:00,https://www.youtube.com/watch?v=rV-hEgFpPSE
87,44,Romero,Vagner Love,73,2T,Sul,DA,Pé Direito,2,11,RESERVA,D,1 x 2,Santos,Copa do Brasil,26/08/2015,QUA,22:00,https://www.youtube.com/watch?v=b0bgG4z322A
88,45,Marciel,Jadson,5,1T,Sul,FA,Pé Direito,3,22,TITULAR,V,2 x 0,Fluminense,Brasileiro,02/09/2015,QUA,22:00,https://www.youtube.com/watch?v=GtVfB2jnX-Y
89,45,Ralf,Jadson,71,2T,Norte,DA,Cabeça,3,5,TITULAR,V,2 x 0,Fluminense,Brasileiro,02/09/2015,QUA,22:00,https://www.youtube.com/watch?v=GtVfB2jnX-Y
90,46,Renato Augusto,Jadson,66,2T,Norte,DA,Cabeça,1,8,TITULAR,E,1 x 1,Grêmio,Brasileiro,09/09/2015,QUA,22:00,https://www.youtube.com/watch?v=QcIVGo-tDKo
91,47,Malcom,Uendel,39,1T,Sul,DA,Pé Esquerdo,1,21,RESERVA,V,3 x 0,Joinville,Brasileiro,13/09/2015,DOM,11:00,https://www.youtube.com/watch?v=iG6s5syurQA
92,47,Uendel,X,58,2T,Norte,DA,Pé Direito,1,6,TITULAR,V,3 x 0,Joinville,Brasileiro,13/09/2015,DOM,11:00,https://www.youtube.com/watch?v=iG6s5syurQA
93,47,Vagner Love,Renato Augusto,88,2T,Norte,FA,Pé Esquerdo,1,99,TITULAR,V,3 x 0,Joinville,Brasileiro,13/09/2015,DOM,11:00,https://www.youtube.com/watch?v=iG6s5syurQA
94,48,Jadson,(Pênalti),86,2T,Sul,DA,Pé Direito,1,10,TITULAR,V,2 x 0,Santos,Brasileiro,20/09/2015,DOM,11:00,https://www.youtube.com/watch?v=Jrkc_S9UB3c
95,48,Jadson,Elias,88,2T,Sul,DA,Pé Direito,1,10,TITULAR,V,2 x 0,Santos,Brasileiro,20/09/2015,DOM,11:00,https://www.youtube.com/watch?v=Jrkc_S9UB3c
96,49,Edu Dracena,Jadson,16,1T,Norte,DA,Cabeça,1,2,TITULAR,V,3 x 0,Goiás,Brasileiro,15/10/2015,QUI,19:30,https://www.youtube.com/watch?v=zQQNnVl56Jc
97,49,Malcom,Vagner Love,26,1T,Norte,DA,Pé Esquerdo,1,21,TITULAR,V,3 x 0,Goiás,Brasileiro,15/10/2015,QUI,19:30,https://www.youtube.com/watch?v=zQQNnVl56Jc
98,49,Rodriguinho,Jadson,88,2T,Sul,FA,Pé Direito,1,26,TITULAR,V,3 x 0,Goiás,Brasileiro,15/10/2015,QUI,19:30,https://www.youtube.com/watch?v=zQQNnVl56Jc
99,50,Vagner Love,Malcom,45+2,1T,Sul,DA,Pé Direito,1,99,TITULAR,V,1 x 0,Flamengo,Brasileiro,25/10/2015,DOM,17:00,https://www.youtube.com/watch?v=Srh1xjrw9ns
100,51,Jadson,(Pênalti),16,1T,Norte,DA,Pé Direito,1,10,TITULAR,V,2 x 1,Coritiba,Brasileiro,07/11/2015,SÁB,19:30,https://www.youtube.com/watch?v=_5xHVmW16Bc
101,51,Lucca,Danilo,88,2T,Sul,DA,Pé Direito,1,30,RESERVA,V,2 x 1,Coritiba,Brasileiro,07/11/2015,SÁB,19:30,https://www.youtube.com/watch?v=_5xHVmW16Bc
102,52,Bruno Henrique,X,27,1T,Sul,DA,Pé Esquerdo,2,25,TITULAR,V,6 x 1,São Paulo,Brasileiro,22/11/2015,DOM,17:00,https://www.youtube.com/watch?v=hlQuNkaq4DM
103,52,Romero,Lucca,29,1T,Sul,DA,Cabeça,2,11,TITULAR,V,6 x 1,São Paulo,Brasileiro,22/11/2015,DOM,17:00,https://www.youtube.com/watch?v=hlQuNkaq4DM
104,52,Edu Dracena,X,45+1,1T,Sul,DA,Pé Direito,2,2,TITULAR,V,6 x 1,São Paulo,Brasileiro,22/11/2015,DOM,17:00,https://www.youtube.com/watch?v=hlQuNkaq4DM
105,52,Lucca,Danilo,61,2T,Norte,DA,Pé Direito,2,30,TITULAR,V,6 x 1,São Paulo,Brasileiro,22/11/2015,DOM,17:00,https://www.youtube.com/watch?v=hlQuNkaq4DM
106,52,Romero,Fagner,64,2T,Norte,DA,Pé Direito,2,11,TITULAR,V,6 x 1,São Paulo,Brasileiro,22/11/2015,DOM,17:00,https://www.youtube.com/watch?v=hlQuNkaq4DM
107,52,Cristian,(Pênalti),76,2T,Norte,DA,Pé Direito,2,16,RESERVA,V,6 x 1,São Paulo,Brasileiro,22/11/2015,DOM,17:00,https://www.youtube.com/watch?v=hlQuNkaq4DM
108,53,Vagner Love,X,78,2T,Norte,DA,Pé Direito,1,99,TITULAR,E,1 x 1,Avaí,Brasileiro,06/12/2015,DOM,17:00,https://www.youtube.com/watch?v=G_fW5Z3hVd4
109,54,Romero,X,90+2,2T,Norte,DA,Pé Esquerdo,1,11,TITULAR,V,1 x 0,XV de Piracicaba,Paulista,31/01/2016,DOM,17:00,https://www.youtube.com/watch?v=1EZ26yZc7Bw
110,55,Romero,Edilson,3,1T,Sul,DA,Pé Direito,1,11,TITULAR,V,2 x 1,Capivariano,Paulista,11/02/2016,QUI,21:00,https://www.youtube.com/watch?v=08TyB00kIIU
111,55,Guilherme,X,47,2T,Norte,DA,Pé Esquerdo,1,10,TITULAR,V,2 x 1,Capivariano,Paulista,11/02/2016,QUI,21:00,https://www.youtube.com/watch?v=08TyB00kIIU
112,56,Lucca,X,24,1T,Sul,DA,Pé Esquerdo,1,30,TITULAR,V,2 x 0,São Paulo,Paulista,14/02/2016,DOM,17:00,https://www.youtube.com/watch?v=BMZTUsyc-mA
113,56,Yago,Giovanni Augusto,86,2T,Norte,DA,Cabeça,1,3,TITULAR,V,2 x 0,São Paulo,Paulista,14/02/2016,DOM,17:00,https://www.youtube.com/watch?v=BMZTUsyc-mA
114,57,Rodriguinho,Uendel,90+1,2T,Norte,DA,Pé Direito,1,26,TITULAR,V,1 x 0,Oeste,Paulista,27/02/2016,SÁB,21:00,https://www.youtube.com/watch?v=Uj9kAlTgAcE
115,58,Guilherme,Rodriguinho,65,2T,Norte,DA,Cabeça,1,10,TITULAR,V,1 x 0,Santa Fé,Libertadores,02/03/2016,QUA,21:45,https://www.youtube.com/watch?v=fbWLT3O_U7o
116,59,Lucca,Bruno Henrique,23,1T,Norte,DA,Pé Esquerdo,1,30,TITULAR,V,2 x 0,Cerro Porteño,Libertadores,16/03/2016,QUA,21:45,https://www.youtube.com/watch?v=FSDmiekYeXk
117,59,(GC) Víctor Mareco,(GC),61,2T,Sul,DA,Cabeça,(GC),(GC),(GC TITULAR),V,2 x 0,Cerro Porteño,Libertadores,16/03/2016,QUA,21:45,https://www.youtube.com/watch?v=FSDmiekYeXk
118,60,Romero,Danilo,8,1T,Sul,DA,Pé Direito,1,11,TITULAR,V,4 x 0,Linense,Paulista,19/03/2016,SÁB,16:00,https://www.youtube.com/watch?v=7KKgWfQVD4M
119,60,Balbuena,Edilson,14,1T,Sul,DA,Cabeça,1,4,TITULAR,V,4 x 0,Linense,Paulista,19/03/2016,SÁB,16:00,https://www.youtube.com/watch?v=7KKgWfQVD4M
120,60,Edilson,X,57,2T,Norte,FA,Pé Direito,1,2,TITULAR,V,4 x 0,Linense,Paulista,19/03/2016,SÁB,16:00,https://www.youtube.com/watch?v=7KKgWfQVD4M
121,60,Romero,André,69,2T,Norte,FA,Pé Direito,1,11,TITULAR,V,4 x 0,Linense,Paulista,19/03/2016,SÁB,16:00,https://www.youtube.com/watch?v=7KKgWfQVD4M
122,61,Felipe,Fagner,87,2T,Norte,DA,Cabeça,1,28,TITULAR,V,1 x 0,Ituano,Paulista,26/03/2016,SÁB,21:00,https://www.youtube.com/watch?v=X-Y7h2iBfYw
123,62,Romero,X,26,1T,Sul,DA,Pé Esquerdo,1,11,TITULAR,V,2 x 1,Ponte Preta,Paulista,30/03/2016,QUA,21:45,https://www.youtube.com/watch?v=PCuF1O7LU-8
124,62,Balbuena,Giovanni Augusto,83,2T,Norte,DA,Cabeça,1,4,TITULAR,V,2 x 1,Ponte Preta,Paulista,30/03/2016,QUA,21:45,https://www.youtube.com/watch?v=PCuF1O7LU-8
125,63,Fagner,X,40,1T,Sul,FA,Pé Direito,1,23,TITULAR,V,3 x 0,Grêmio Novorizontino,Paulista,10/04/2016,DOM,16:00,https://www.youtube.com/watch?v=wg2VKBBVck4
126,63,Fagner,Elias,48,2T,Norte,DA,Pé Direito,1,23,TITULAR,V,3 x 0,Grêmio Novorizontino,Paulista,10/04/2016,DOM,16:00,https://www.youtube.com/watch?v=wg2VKBBVck4
127,63,Alan Mineiro,Luciano,89,2T,Norte,FA,Pé Direito,1,29,RESERVA,V,3 x 0,Grêmio Novorizontino,Paulista,10/04/2016,DOM,16:00,https://www.youtube.com/watch?v=wg2VKBBVck4
128,64,Giovanni Augusto,X,17,1T,Norte,DA,Pé Direito,1,17,TITULAR,V,4 x 0,Red Bull,Paulista,16/04/2016,SÁB,16:20,https://www.youtube.com/watch?v=LluSg1__sn4
129,64,André,Fagner,40,1T,Norte,DA,Pé Direito,1,9,TITULAR,V,4 x 0,Red Bull,Paulista,16/04/2016,SÁB,16:20,https://www.youtube.com/watch?v=LluSg1__sn4
130,64,Alan Mineiro,X,57,2T,Sul,DA,Pé Direito,1,29,RESERVA,V,4 x 0,Red Bull,Paulista,16/04/2016,SÁB,16:20,https://www.youtube.com/watch?v=LluSg1__sn4
131,64,Lucca,Alan Mineiro,69,2T,Sul,DA,Pé Direito,1,30,TITULAR,V,4 x 0,Red Bull,Paulista,16/04/2016,SÁB,16:20,https://www.youtube.com/watch?v=LluSg1__sn4
132,65,Marlone,Balbuena,9,1T,Sul,DA,Cabeça,1,8,TITULAR,V,6 x 0,Cobresal,Libertadores,20/04/2016,QUA,21:45,https://www.youtube.com/watch?v=wPjnwnF28nQ
133,65,Romero,Rodriguinho,13,1T,Sul,DA,Pé Direito,1,11,TITULAR,V,6 x 0,Cobresal,Libertadores,20/04/2016,QUA,21:45,https://www.youtube.com/watch?v=wPjnwnF28nQ
134,65,Marlone,Edilson,39,1T,Sul,DA,Pé Direito,1,8,TITULAR,V,6 x 0,Cobresal,Libertadores,20/04/2016,QUA,21:45,https://www.youtube.com/watch?v=wPjnwnF28nQ
135,65,Guilherme Arana,X,45,1T,Sul,FA,Pé Esquerdo,1,13,TITULAR,V,6 x 0,Cobresal,Libertadores,20/04/2016,QUA,21:45,https://www.youtube.com/watch?v=wPjnwnF28nQ
136,65,Elias,Romero,75,2T,Norte,DA,Pé Direito,1,7,RESERVA,V,6 x 0,Cobresal,Libertadores,20/04/2016,QUA,21:45,https://www.youtube.com/watch?v=wPjnwnF28nQ
137,65,Romero,Edilson,77,2T,Norte,DA,Pé Esquerdo,1,11,TITULAR,V,6 x 0,Cobresal,Libertadores,20/04/2016,QUA,21:45,https://www.youtube.com/watch?v=wPjnwnF28nQ
138,66,André,Bruno Henrique,52,2T,Norte,DA,Cabeça,1,9,TITULAR,E,2 x 2,Audax,Paulista,23/04/2016,SÁB,18:30,https://www.youtube.com/watch?v=IvY1QshWZPs
139,66,André,Romero,79,2T,Norte,DA,Pé Direito,1,9,TITULAR,E,2 x 2,Audax,Paulista,23/04/2016,SÁB,18:30,https://www.youtube.com/watch?v=IvY1QshWZPs
140,67,Lucca,André,15,1T,Sul,DA,Pé Esquerdo,1,30,TITULAR,E,2 x 2,Nacional,Libertadores,04/05/2016,QUA,21:45,https://www.youtube.com/watch?v=ydXhqQEkaV0
141,67,Marquinhos Gabriel,(Pênalti),90+4,2T,Norte,DA,Pé Esquerdo,1,21,RESERVA,E,2 x 2,Nacional,Libertadores,04/05/2016,QUA,21:45,https://www.youtube.com/watch?v=ydXhqQEkaV0
142,69,(GC) Kadu,(GC),15,1T,Sul,DA,Pé Direito,(GC),(GC),(GC TITULAR),V,3 x 0,Ponte Preta,Brasileiro,26/05/2016,QUI,11:00,https://www.youtube.com/watch?v=cdTkCUa4Bkg
143,69,Bruno Henrique,X,22,1T,Sul,FA,Pé Direito,1,25,TITULAR,V,3 x 0,Ponte Preta,Brasileiro,26/05/2016,QUI,11:00,https://www.youtube.com/watch?v=cdTkCUa4Bkg
144,69,Guilherme,Fagner,79,2T,Norte,FA,Pé Direito,1,10,TITULAR,V,3 x 0,Ponte Preta,Brasileiro,26/05/2016,QUI,11:00,https://www.youtube.com/watch?v=cdTkCUa4Bkg
145,70,Giovanni Augusto,Cristian,82,2T,Norte,DA,Pé Direito,1,17,TITULAR,V,1 x 0,Santos,Brasileiro,01/06/2016,QUA,21:00,https://www.youtube.com/watch?v=n5hsFj2kNWk
146,71,André,Uendel,89,2T,Norte,DA,Pé Direito,1,9,RESERVA,V,2 x 1,Coritiba,Brasileiro,04/06/2016,SÁB,20:30,https://www.youtube.com/watch?v=iJYz2enTo9A
147,71,Uendel,Marquinhos Gabriel,90+5,2T,Norte,DA,Cabeça,1,6,TITULAR,V,2 x 1,Coritiba,Brasileiro,04/06/2016,SÁB,20:30,https://www.youtube.com/watch?v=iJYz2enTo9A
148,72,Bruno Henrique,Fagner,24,1T,Sul,FA,Pé Direito,1,25,TITULAR,V,3 x 1,Botafogo,Brasileiro,19/06/2016,DOM,16:00,https://www.youtube.com/watch?v=3iDvsIVlCL8
149,72,Bruno Henrique,Romero,53,2T,Norte,DA,Pé Esquerdo,1,25,TITULAR,V,3 x 1,Botafogo,Brasileiro,19/06/2016,DOM,16:00,https://www.youtube.com/watch?v=3iDvsIVlCL8
150,72,Marquinhos Gabriel,Balbuena,89,2T,Norte,DA,Pé Esquerdo,1,31,TITULAR,V,3 x 1,Botafogo,Brasileiro,19/06/2016,DOM,16:00,https://www.youtube.com/watch?v=3iDvsIVlCL8
151,73,Luciano,Uendel,27,1T,Sul,DA,Pé Esquerdo,1,18,TITULAR,V,2 x 1,Santa Cruz,Brasileiro,25/06/2016,SÁB,21:00,https://www.youtube.com/watch?v=84XXt0IfGYA
152,73,Romero,Luciano,37,1T,Sul,DA,Pé Direito,1,11,TITULAR,V,2 x 1,Santa Cruz,Brasileiro,25/06/2016,SÁB,21:00,https://www.youtube.com/watch?v=84XXt0IfGYA
153,74,Romero,X,59,2T,Norte,DA,Pé Direito,1,11,TITULAR,V,4 x 0,Flamengo,Brasileiro,03/07/2016,DOM,16:00,https://www.youtube.com/watch?v=JW_a80U3NYk
154,74,Guilherme,Romero,78,2T,Norte,FA,Pé Direito,1,10,RESERVA,V,4 x 0,Flamengo,Brasileiro,03/07/2016,DOM,16:00,https://www.youtube.com/watch?v=JW_a80U3NYk
155,74,Rildo,X,80,2T,Norte,DA,Pé Direito,1,19,RESERVA,V,4 x 0,Flamengo,Brasileiro,03/07/2016,DOM,16:00,https://www.youtube.com/watch?v=JW_a80U3NYk
156,74,Romero,Rodriguinho,89,2T,Norte,DA,Pé Esquerdo,1,11,TITULAR,V,4 x 0,Flamengo,Brasileiro,03/07/2016,DOM,16:00,https://www.youtube.com/watch?v=JW_a80U3NYk
157,75,Bruno Henrique,X,22,1T,Sul,DA,Cabeça,1,25,TITULAR,E,1 x 1,São Paulo,Brasileiro,17/07/2016,DOM,16:00,https://www.youtube.com/watch?v=V2mvAZ5pu0s
158,76,Danilo,Marquinhos Gabriel,84,2T,Sul,DA,Cabeça,1,20,RESERVA,E,1 x 1,Figueirense,Brasileiro,23/07/2016,SÁB,16:00,https://www.youtube.com/watch?v=geyqtiX4j5Q
159,77,Marlone,Elias,51,2T,Norte,FA,Pé Direito,1,8,RESERVA,V,2 x 1,Vitória,Brasileiro,22/08/2016,SEG,20:00,https://www.youtube.com/watch?v=P9Pv_NZmVcE
160,77,Marquinhos Gabriel,Uendel,71,2T,Norte,DA,Peito,1,31,TITULAR,V,2 x 1,Vitória,Brasileiro,22/08/2016,SEG,20:00,https://www.youtube.com/watch?v=P9Pv_NZmVcE
161,78,Rodriguinho,Marlone,47,2T,Norte,DA,Cabeça,1,26,TITULAR,V,3 x 0,Sport,Brasileiro,08/09/2016,QUI,19:30,https://www.youtube.com/watch?v=vBaioytvSe4
162,78,Léo Príncipe,Marlone,54,2T,Norte,DA,Pé Direito,1,32,TITULAR,V,3 x 0,Sport,Brasileiro,08/09/2016,QUI,19:30,https://www.youtube.com/watch?v=vBaioytvSe4
163,78,Vilson,Lucca,62,2T,Norte,DA,Cabeça,1,15,TITULAR,V,3 x 0,Sport,Brasileiro,08/09/2016,QUI,19:30,https://www.youtube.com/watch?v=vBaioytvSe4
164,80,Rodriguinho,Giovanni Augusto,68,2T,Norte,DA,Pé Esquerdo,1,26,TITULAR,V,1 x 0,Fluminense,Copa do Brasil,21/09/2016,QUA,21:45,https://www.youtube.com/watch?v=Wvcau-uAnV8
165,82,(GC) Léo,(GC),47,2T,Sul,DA,Pé Esquerdo,(GC),(GC),(GC TITULAR),V,2 x 1,Cruzeiro,Copa do Brasil,28/09/2016,QUA,21:45,https://www.youtube.com/watch?v=HSXMpLKVL6E
166,82,Romero,Marlone,54,2T,Sul,DA,Cabeça,1,11,TITULAR,V,2 x 1,Cruzeiro,Copa do Brasil,28/09/2016,QUA,21:45,https://www.youtube.com/watch?v=HSXMpLKVL6E
167,84,Romero,Guilherme,17,1T,Sul,DA,Pé Direito,1,11,TITULAR,V,2 x 0,América (MG),Brasileiro,16/10/2016,DOM,16:30,https://www.youtube.com/watch?v=Yr2pMgMHp-E
168,84,Rodriguinho,Guilherme,39,1T,Sul,DA,Pé Direito,1,26,TITULAR,V,2 x 0,América (MG),Brasileiro,16/10/2016,DOM,16:30,https://www.youtube.com/watch?v=RhH03kGL2nw
169,85,Giovanni Augusto,(Pênalti),74,2T,Norte,DA,Pé Direito,1,17,TITULAR,E,1 x 1,Chapecoense,Brasileiro,29/10/2016,SÁB,16:30,https://www.youtube.com/watch?v=unkvY4rfz20
170,86,Marlone,(Pênalti),56,2T,Norte,DA,Pé Direito,1,8,TITULAR,V,1 x 0,Internacional,Brasileiro,21/11/2016,SEG,20:00,https://www.youtube.com/watch?v=IG-buKHNFRM
171,88,Marquinhos Gabriel,Camacho,90+4,2T,Norte,DA,Pé Direito,1,31,RESERVA,V,1 x 0,Ferroviária,Amistoso,01/02/2017,QUA,21:45,https://www.youtube.com/watch?v=v76m-ZraWco
172,90,Pablo,Fagner,28,1T,Norte,DA,Cabeça,1,3,TITULAR,V,1 x 0,Grêmio Novorizontino,Paulista,15/02/2017,QUA,19:30,https://www.youtube.com/watch?v=EzMfbRYqI7Y
173,91,Jô,Maycon,87,2T,Norte,FA,Pé Esquerdo,1,7,RESERVA,V,1 x 0,Palmeiras,Paulista,22/02/2017,QUA,21:45,https://www.youtube.com/watch?v=kDbQT2gzoRM
174,92,Jô,Guilherme Arana,47,2T,Norte,DA,Cabeça,1,7,TITULAR,V,1 x 0,Santos,Paulista,04/03/2017,SÁB,18:30,https://www.youtube.com/watch?v=PeWSWZ4yc_s
175,93,Jô,Pedro Henrique,30,1T,Sul,DA,Pé Esquerdo,1,7,TITULAR,E,1 x 1,Luverdense,Copa do Brasil,16/03/2017,QUI,19:30,https://www.youtube.com/watch?v=3YqRPYJk4go
176,94,Maycon,(Falta),73,2T,Norte,FA,Pé Esquerdo,1,30,TITULAR,E,1 x 1,Red Bull,Paulista,23/03/2017,QUI,17:00,https://www.youtube.com/watch?v=uzFpXGCJ75I
177,95,Léo Jabá,Guilherme Arana,11,1T,Norte,DA,Cabeça,1,37,TITULAR,V,3 x 1,Linense,Paulista,29/03/2017,QUA,21:45,https://www.youtube.com/watch?v=JbfCvTPV5XE
178,95,Jadson,Léo Príncipe,39,1T,Norte,FA,Pé Direito,1,77,TITULAR,V,3 x 1,Linense,Paulista,29/03/2017,QUA,21:45,https://www.youtube.com/watch?v=JbfCvTPV5XE
179,95,Romero,Jadson,67,2T,Sul,DA,Pé Direito,1,11,RESERVA,V,3 x 1,Linense,Paulista,29/03/2017,QUA,21:45,https://www.youtube.com/watch?v=JbfCvTPV5XE
180,96,Rodriguinho,X,41,1T,Norte,DA,Pé Esquerdo,1,26,TITULAR,V,2 x 0,Universidad de Chile,Sulamericana,05/04/2017,QUA,21:45,https://www.youtube.com/watch?v=THzY6ThDOdo
181,96,Jadson,Rodriguinho,69,2T,Sul,FA,Pé Direito,1,10,TITULAR,V,2 x 0,Universidad de Chile,Sulamericana,05/04/2017,QUA,21:45,https://www.youtube.com/watch?v=THzY6ThDOdo
182,97,Rodriguinho,Jadson,37,1T,Norte,DA,Cabeça,1,26,TITULAR,V,1 x 0,Botafogo (SP),Paulista,09/04/2017,DOM,16:00,https://www.youtube.com/watch?v=aTS-ymIU3SU
183,98,Maycon,Jô,8,1T,Sul,DA,Pé Esquerdo,1,30,TITULAR,E,1 x 1,Internacional,Copa do Brasil,19/04/2017,QUA,21:45,https://www.youtube.com/watch?v=GtyhzhNZAYk
184,99,Jô,Jadson,45+2,1T,Sul,DA,Pé Esquerdo,1,7,TITULAR,E,1 x 1,São Paulo,Paulista,23/04/2017,DOM,16:00,https://www.youtube.com/watch?v=ffzTig4mfqU
185,100,Romero,X,62,2T,Norte,DA,Pé Direito,1,11,TITULAR,E,1 x 1,Ponte Preta,Paulista,07/05/2017,DOM,16:00,https://www.youtube.com/watch?v=OCBZdwnCG58
186,101,Jô,Rodriguinho,22,1T,Sul,DA,Pé Direito,1,7,TITULAR,E,1 x 1,Chapecoense,Brasileiro,13/05/2017,SÁB,19:00,https://www.youtube.com/watch?v=8V5j_JQ2QaA
187,102,Romero,Jô,69,2T,Norte,DA,Pé Direito,1,11,TITULAR,V,2 x 0,Santos,Brasileiro,03/06/2017,SÁB,19:00,https://www.youtube.com/watch?v=bDLLGZBFuOg
188,102,Jô,Rodriguinho,75,2T,Norte,DA,Pé Esquerdo,1,7,TITULAR,V,2 x 0,Santos,Brasileiro,03/06/2017,SÁB,19:00,https://www.youtube.com/watch?v=bDLLGZBFuOg
189,103,Romero,Marquinhos Gabriel,7,1T,Sul,DA,Pé Direito,1,11,TITULAR,V,3 x 2,São Paulo,Brasileiro,11/06/2017,DOM,16:00,https://www.youtube.com/watch?v=jMfD-qWODz8
190,103,Gabriel,X,41,1T,Sul,DA,Pé Direito,1,5,TITULAR,V,3 x 2,São Paulo,Brasileiro,11/06/2017,DOM,16:00,https://www.youtube.com/watch?v=jMfD-qWODz8
191,103,Jadson,(Pênalti),63,2T,Norte,DA,Pé Direito,1,10,TITULAR,V,3 x 2,São Paulo,Brasileiro,11/06/2017,DOM,16:00,https://www.youtube.com/watch?v=jMfD-qWODz8
192,104,Balbuena,Jadson,43,1T,Norte,DA,Cabeça,1,4,TITULAR,V,1 x 0,Cruzeiro,Brasileiro,14/06/2017,QUA,21:45,https://www.youtube.com/watch?v=0NyA4ET7UBU
193,105,Jô,Fagner,25,1T,Norte,DA,Pé Direito,1,7,TITULAR,V,3 x 0,Bahia,Brasileiro,22/06/2017,QUI,19:30,https://www.youtube.com/watch?v=esk8wKvg6Nk
194,105,Balbuena,Romero,79,2T,Sul,DA,Pé Direito,1,4,TITULAR,V,3 x 0,Bahia,Brasileiro,22/06/2017,QUI,19:30,https://www.youtube.com/watch?v=esk8wKvg6Nk
195,105,Marquinhos Gabriel,X,90+3,2T,Sul,DA,Pé Esquerdo,1,31,RESERVA,V,3 x 0,Bahia,Brasileiro,22/06/2017,QUI,19:30,https://www.youtube.com/watch?v=esk8wKvg6Nk
196,106,Jô,X,79,2T,Norte,DA,Pé Direito,1,7,TITULAR,V,1 x 0,Botafogo,Brasileiro,02/07/2017,DOM,16:00,https://www.youtube.com/watch?v=I2pKuYwN5yA
197,107,Jadson,X,45+2,1T,Sul,DA,Pé Direito,1,10,TITULAR,V,2 x 0,Ponte Preta,Brasileiro,08/07/2017,SÁB,19:00,https://www.youtube.com/watch?v=nXKuOcIAQBA
198,107,Jô,Rodriguinho,47,2T,Norte,DA,Pé Esquerdo,1,7,TITULAR,V,2 x 0,Ponte Preta,Brasileiro,08/07/2017,SÁB,19:00,https://www.youtube.com/watch?v=nXKuOcIAQBA
199,108,Jô,Moisés,45,1T,Sul,DA,Pé Direito,1,7,TITULAR,E,2 x 2,Athletico,Brasileiro,15/07/2017,SÁB,19:00,https://www.youtube.com/watch?v=zagU6TFVlj0
200,108,Jô,Maycon,51,2T,Norte,DA,Pé Esquerdo,1,7,TITULAR,E,2 x 2,Athletico,Brasileiro,15/07/2017,SÁB,19:00,https://www.youtube.com/watch?v=zagU6TFVlj0
201,109,Balbuena,Maycon,28,1T,Sul,DA,Cabeça,1,4,TITULAR,V,2 x 0,Patriotas,Sulamericana,26/07/2017,QUA,21:45,https://www.youtube.com/watch?v=mXPCZB8EGeY
202,109,Pedrinho,Cássio,90+1,2T,Norte,DA,Pé Esquerdo,1,20,RESERVA,V,2 x 0,Patriotas,Sulamericana,26/07/2017,QUA,21:45,https://www.youtube.com/watch?v=mXPCZB8EGeY
203,110,Jô,Balbuena,22,1T,Norte,DA,Pé Esquerdo,1,7,TITULAR,E,1 x 1,Flamengo,Brasileiro,30/07/2017,DOM,16:00,https://www.youtube.com/watch?v=KChGXJvgEF4
204,111,Guilherme Arana,Fagner,9,1T,Norte,FA,Pé Esquerdo,1,13,TITULAR,V,3 x 1,Sport,Brasileiro,05/08/2017,SÁB,19:00,https://www.youtube.com/watch?v=KeW8IV92ATs
205,111,Rodriguinho,Maycon,46,2T,Sul,FA,Pé Esquerdo,1,26,TITULAR,V,3 x 1,Sport,Brasileiro,05/08/2017,SÁB,19:00,https://www.youtube.com/watch?v=KeW8IV92ATs
206,111,Pedro Henrique,Clayson,66,2T,Sul,DA,Cabeça,1,34,TITULAR,V,3 x 1,Sport,Brasileiro,05/08/2017,SÁB,19:00,https://www.youtube.com/watch?v=KeW8IV92ATs
207,114,Maycon,Marciel,30,1T,Sul,DA,Pé Esquerdo,1,8,TITULAR,E,1 x 1,Racing,Sulamericana,13/09/2017,QUA,21:45,https://www.youtube.com/watch?v=ARWLgWdGl6Q
208,115,Jô,Marquinhos Gabriel,74,2T,Sul,DA,Mão,1,7,TITULAR,V,1 x 0,Vasco da Gama,Brasileiro,17/09/2017,DOM,16:00,https://www.youtube.com/watch?v=C3XYBEXgU-c
209,116,Jô,Jadson,10,1T,Sul,FA,Pé Esquerdo,1,7,TITULAR,V,3 x 1,Coritiba,Brasileiro,11/10/2017,QUA,21:00,https://www.youtube.com/watch?v=3MyzFWzgQHg
210,116,Clayson,Rodriguinho,79,2T,Norte,DA,Pé Direito,1,25,RESERVA,V,3 x 1,Coritiba,Brasileiro,11/10/2017,QUA,21:00,https://www.youtube.com/watch?v=3MyzFWzgQHg
211,116,Clayson,X,89,2T,Norte,DA,Pé Esquerdo,1,25,RESERVA,V,3 x 1,Coritiba,Brasileiro,11/10/2017,QUA,21:00,https://www.youtube.com/watch?v=3MyzFWzgQHg
212,118,Romero,Rodriguinho,27,1T,Norte,DA,Pé Direito,1,11,TITULAR,V,3 x 2,Palmeiras,Brasileiro,05/11/2017,DOM,17:00,https://www.youtube.com/watch?v=9vneE9syKaM
213,118,Balbuena,Clayson,29,1T,Norte,DA,Barriga,1,4,TITULAR,V,3 x 2,Palmeiras,Brasileiro,05/11/2017,DOM,17:00,https://www.youtube.com/watch?v=9vneE9syKaM
214,118,Jô,(Pênalti),38,1T,Norte,DA,Pé Esquerdo,1,7,TITULAR,V,3 x 2,Palmeiras,Brasileiro,05/11/2017,DOM,17:00,https://www.youtube.com/watch?v=9vneE9syKaM
215,119,Kazim,Guilherme Arana,49,2T,Norte,DA,Peito,1,18,TITULAR,V,1 x 0,Avaí,Brasileiro,11/11/2017,SÁB,19:00,https://www.youtube.com/watch?v=uknG32TYiJc
216,120,Jô,Clayson,46,2T,Norte,DA,Cabeça,1,7,TITULAR,V,3 x 1,Fluminense,Brasileiro,15/11/2017,QUA,21:45,https://www.youtube.com/watch?v=yQR8jyTZb7s
217,120,Jô,X,49,2T,Norte,DA,Cabeça,1,7,TITULAR,V,3 x 1,Fluminense,Brasileiro,15/11/2017,QUA,21:45,https://www.youtube.com/watch?v=yQR8jyTZb7s
218,120,Jadson,Fagner,85,2T,Norte,DA,Pé Direito,1,10,RESERVA,V,3 x 1,Fluminense,Brasileiro,15/11/2017,QUA,21:45,https://www.youtube.com/watch?v=yQR8jyTZb7s
219,121,Jadson,(Falta),35,1T,Norte,FA,Pé Direito,1,10,TITULAR,E,2 x 2,Atlético (MG),Brasileiro,26/11/2017,DOM,17:00,https://www.youtube.com/watch?v=6f8DBKyEnb8
220,121,Marquinhos Gabriel,Rodriguinho,58,2T,Sul,DA,Pé Esquerdo,1,31,RESERVA,E,2 x 2,Atlético (MG),Brasileiro,26/11/2017,DOM,17:00,https://www.youtube.com/watch?v=6f8DBKyEnb8
221,123,Rodriguinho,Maycon,40,1T,Sul,DA,Pé Esquerdo,1,26,TITULAR,V,2 x 0,Palmeiras,Paulista,24/02/2018,SÁB,17:00,https://www.youtube.com/watch?v=oxx1I5EPgzk
222,123,Clayson,(Pênalti),84,2T,Norte,DA,Pé Direito,1,25,TITULAR,V,2 x 0,Palmeiras,Paulista,24/02/2018,SÁB,17:00,https://www.youtube.com/watch?v=oxx1I5EPgzk
223,124,Emerson,X,88,2T,Norte,DA,Pé Direito,1,47,RESERVA,V,1 x 0,Mirassol,Paulista,07/03/2018,QUA,21:45,https://www.youtube.com/watch?v=JXXFDexgwe4
224,125,Emerson,Romero,65,2T,Norte,DA,Cabeça,1,7,TITULAR,V,2 x 0,Deportivo Lara,Libertadores,14/03/2018,QUA,21:45,https://www.youtube.com/watch?v=sg44mqdjWBI
225,125,(GC) Henry Penía,(GC),77,2T,Norte,DA,Canela D,(GC),(GC),(GC TITULAR),V,2 x 0,Deportivo Lara,Libertadores,14/03/2018,QUA,21:45,https://www.youtube.com/watch?v=sg44mqdjWBI
226,126,Sidcley,Ralf,30,1T,Norte,DA,Pé Esquerdo,1,16,TITULAR,V,2 x 0,Bragantino,Paulista,22/03/2018,QUI,20:00,https://www.youtube.com/watch?v=USprzxtU8q0
227,126,Maycon,Rodriguinho,45,1T,Norte,FA,Pé Esquerdo,1,8,TITULAR,V,2 x 0,Bragantino,Paulista,22/03/2018,QUI,20:00,https://www.youtube.com/watch?v=USprzxtU8q0
228,127,Rodriguinho,Clayson,90+3,2T,Norte,DA,Cabeça,1,26,TITULAR,V,1 x 0,São Paulo,Paulista,28/03/2018,QUA,21:45,https://www.youtube.com/watch?v=JHzN12sXPYM
229,129,Rodriguinho,Romero,45+1,1T,Norte,DA,Cabeça,1,26,TITULAR,V,2 x 1,Fluminense,Brasileiro,15/04/2018,DOM,16:00,https://www.youtube.com/watch?v=X0VtaPKfPpM
230,129,Rodriguinho,Emerson,86,2T,Sul,DA,Pé Esquerdo,1,26,TITULAR,V,2 x 1,Fluminense,Brasileiro,15/04/2018,DOM,16:00,https://www.youtube.com/watch?v=X0VtaPKfPpM
231,130,Jadson,Romero,32,1T,Norte,DA,Pé Direito,1,10,TITULAR,D,1 x 2,Independiente,Libertadores,02/05/2018,QUA,21:45,https://www.youtube.com/watch?v=oPI4oqJC88A
232,131,Henrique,Jadson,40,1T,Norte,DA,Cabeça,1,3,TITULAR,E,1 x 1,Ceará,Brasileiro,06/05/2018,DOM,11:00,https://www.youtube.com/watch?v=YERzo0N9HiI
233,132,Maycon,X,39,1T,Sul,DA,Pé Esquerdo,1,8,TITULAR,V,3 x 1,Vitória,Copa do Brasil,10/05/2018,QUI,19:30,https://www.youtube.com/watch?v=iZD2BzwMtCg
234,132,Romero,X,58,2T,Norte,DA,Pé Esquerdo,1,11,TITULAR,V,3 x 1,Vitória,Copa do Brasil,10/05/2018,QUI,19:30,https://www.youtube.com/watch?v=iZD2BzwMtCg
235,132,Romero,Rodriguinho,66,2T,Norte,DA,Cabeça,1,11,TITULAR,V,3 x 1,Vitória,Copa do Brasil,10/05/2018,QUI,19:30,https://www.youtube.com/watch?v=iZD2BzwMtCg
236,133,Rodriguinho,X,38,1T,Norte,DA,Pé Esquerdo,1,26,TITULAR,V,1 x 0,Palmeiras,Brasileiro,13/05/2018,DOM,16:00,https://www.youtube.com/watch?v=cb9UgPIO8Zc
237,135,Jadson,X,49,2T,Norte,DA,Pé Direito,1,10,TITULAR,V,1 x 0,América (MG),Brasileiro,31/05/2018,QUI,18:30,https://www.youtube.com/watch?v=AbcSzV89ciQ
238,136,Roger,Rodriguinho,52,2T,Norte,DA,Pé Direito,1,9,TITULAR,E,1 x 1,Santos,Brasileiro,06/06/2018,QUA,21:00,https://www.youtube.com/watch?v=x_vqf3hPMGI
239,138,Matheus Matias,X,68,2T,Norte,DA,Pé Direito,1,29,RESERVA,V,2 x 1,Grêmio,Amistoso,08/07/2018,DOM,11:00,https://www.youtube.com/watch?v=N1quuJ8SVCo
240,138,Marquinhos Gabriel,Juninho Capixaba,72,2T,Norte,DA,Pé Esquerdo,1,31,RESERVA,V,2 x 1,Grêmio,Amistoso,08/07/2018,DOM,11:00,https://www.youtube.com/watch?v=N1quuJ8SVCo
241,139,Paulo Roberto,Rodriguinho,38,1T,Sul,DA,Pé Direito,1,28,RESERVA,E,2 x 2,Cruzeiro,Amistoso,11/07/2018,QUA,20:00,https://www.youtube.com/watch?v=fklLZr9Igfw
242,139,Pedrinho,Marquinhos Gabriel,84,2T,Norte,DA,Pé Esquerdo,1,38,RESERVA,E,2 x 2,Cruzeiro,Amistoso,11/07/2018,QUA,20:00,https://www.youtube.com/watch?v=fklLZr9Igfw
243,140,Rodriguinho,X,3,1T,Sul,FA,Pé Direito,1,26,TITULAR,V,2 x 0,Botafogo,Brasileiro,18/07/2018,QUA,21:45,https://www.youtube.com/watch?v=eXYZbJ8AJg4
244,140,Romero,Fagner,76,2T,Norte,DA,Pé Direito,1,11,TITULAR,V,2 x 0,Botafogo,Brasileiro,18/07/2018,QUA,21:45,https://www.youtube.com/watch?v=eXYZbJ8AJg4
245,141,Romero,X,62,2T,Norte,DA,Pé Direito,1,11,TITULAR,V,2 x 0,Cruzeiro,Brasileiro,25/07/2018,QUA,21:45,https://www.youtube.com/watch?v=AonuFjhJ6qM
246,141,Romero,X,80,2T,Norte,DA,Cabeça,1,11,TITULAR,V,2 x 0,Cruzeiro,Brasileiro,25/07/2018,QUA,21:45,https://www.youtube.com/watch?v=AonuFjhJ6qM
247,142,Romero,Pedrinho,6,1T,Norte,DA,Cabeça,1,11,TITULAR,V,1 x 0,Chapecoense,Copa do Brasil,01/08/2018,QUA,21:45,https://www.youtube.com/watch?v=x_igZUZtUG8
248,145,Henrique,Jadson,36,1T,Sul,DA,Cabeça,1,3,TITULAR,V,1 x 0,Paraná,Brasileiro,25/08/2018,SÁB,19:00,https://www.youtube.com/watch?v=MML0_XE5rAI
249,146,Jadson,(Pênalti),17,1T,Norte,DA,Pé Direito,1,10,TITULAR,V,2 x 1,Colo Colo,Libertadores,29/08/2018,QUA,21:45,https://www.youtube.com/watch?v=VLSR2KjzaKM
250,146,Roger,Jadson,64,2T,Sul,DA,Pé Direito,1,9,TITULAR,V,2 x 1,Colo Colo,Libertadores,29/08/2018,QUA,21:45,https://www.youtube.com/watch?v=VLSR2KjzaKM
251,147,Pedrinho,Danilo Avelar,20,1T,Norte,FA,Pé Esquerdo,1,38,TITULAR,E,1 x 1,Atlético (MG),Brasileiro,01/09/2018,SÁB,21:00,https://www.youtube.com/watch?v=y2GoERe0rCY
252,148,Jadson,X,59,2T,Norte,FA,Pé Esquerdo,1,10,TITULAR,V,2 x 1,Sport,Brasileiro,16/09/2018,DOM,19:00,https://www.youtube.com/watch?v=_KcP5QfA43I
253,148,Danilo Avelar,Romero,89,2T,Norte,DA,Pé Esquerdo,1,35,TITULAR,V,2 x 1,Sport,Brasileiro,16/09/2018,DOM,19:00,https://www.youtube.com/watch?v=_KcP5QfA43I
254,149,Douglas,X,50,2T,Norte,DA,Cabeça,1,30,TITULAR,E,1 x 1,Internacional,Brasileiro,23/09/2018,DOM,16:00,https://www.youtube.com/watch?v=deaSU5ftp3A
255,150,Danilo Avelar,Jadson,14,1T,Norte,DA,Pé Esquerdo,1,35,TITULAR,V,2 x 1,Flamengo,Copa do Brasil,26/09/2018,QUA,21:45,https://www.youtube.com/watch?v=oIqxnBI97_M
256,150,Pedrinho,Jadson,69,2T,Sul,FA,Pé Esquerdo,1,38,RESERVA,V,2 x 1,Flamengo,Copa do Brasil,26/09/2018,QUA,21:45,https://www.youtube.com/watch?v=oIqxnBI97_M
257,152,Jadson,(Pênalti),55,2T,Norte,DA,Pé Direito,1,10,TITULAR,D,1 x 2,Cruzeiro,Copa do Brasil,17/10/2018,QUA,21:45,https://www.youtube.com/watch?v=fVi__PzIFP0
258,153,Danilo,Fagner,47,2T,Norte,DA,Pé Esquerdo,1,20,RESERVA,V,2 x 1,Bahia,Brasileiro,27/10/2018,SÁB,19:00,https://www.youtube.com/watch?v=PxY-CpG1Zy4
259,153,Danilo,X,89,2T,Norte,DA,Pé Esquerdo,1,20,RESERVA,V,2 x 1,Bahia,Brasileiro,27/10/2018,SÁB,19:00,https://www.youtube.com/watch?v=PxY-CpG1Zy4
260,154,Ralf,Pedrinho,72,2T,Norte,FA,Pé Direito,1,15,TITULAR,E,1 x 1,São Paulo,Brasileiro,10/11/2018,SÁB,17:00,https://www.youtube.com/watch?v=5QhfhoVIgeM
261,155,Mateus Vital,Fagner,50,2T,Sul,DA,Cabeça,1,22,TITULAR,V,1 x 0,Vasco da Gama,Brasileiro,17/11/2018,SÁB,19:00,https://www.youtube.com/watch?v=SStUPQQdhRE
262,157,Gustavo,André Luis,5,1T,Sul,DA,Cabeça,3,19,TITULAR,E,1 x 1,Santos,Amistoso,13/01/2019,DOM,17:30,https://www.youtube.com/watch?v=Dukd04q7Iio
263,158,Henrique,Jadson,90+5,2T,Norte,DA,Cabeça,1,3,TITULAR,E,1 x 1,São Caetano,Paulista,20/01/2019,DOM,17:00,https://www.youtube.com/watch?v=j0HoHBqW7RQ
264,159,Gustavo,Pedrinho,78,2T,Norte,DA,Pé Direito,1,19,TITULAR,V,1 x 0,Ponte Preta,Paulista,26/01/2019,SÁB,19:00,https://www.youtube.com/watch?v=D8-j7YeQ3cE
265,161,Gustavo,Sornoza,88,2T,Sul,DA,Cabeça,1,19,TITULAR,E,1 x 1,Racing,Sulamericana,14/02/2019,QUI,21:30,https://www.youtube.com/watch?v=FEvjtQ6NSkQ
266,162,Manoel,Sornoza,43,1T,Sul,DA,Cabeça,1,4,TITULAR,V,2 x 1,São Paulo,Paulista,17/02/2019,DOM,19:00,https://www.youtube.com/watch?v=GZzA-C6-Fmk
267,162,Gustavo,Fagner,73,2T,Norte,DA,Canela D,1,19,TITULAR,V,2 x 1,São Paulo,Paulista,17/02/2019,DOM,19:00,https://www.youtube.com/watch?v=GZzA-C6-Fmk
268,163,Henrique,Pedrinho,45+2,1T,Sul,DA,Pé Esquerdo,1,3,TITULAR,V,4 x 2,Avenida,Copa do Brasil,20/02/2019,QUA,21:30,https://www.youtube.com/watch?v=hkp0e4orVVE
269,163,Danilo Avelar,Sornoza,77,2T,Norte,DA,Cabeça,1,35,TITULAR,V,4 x 2,Avenida,Copa do Brasil,20/02/2019,QUA,21:30,https://www.youtube.com/watch?v=hkp0e4orVVE
270,163,Júnior Urso,Gustavo,88,2T,Norte,FA,Pé Direito,1,30,TITULAR,V,4 x 2,Avenida,Copa do Brasil,20/02/2019,QUA,21:30,https://www.youtube.com/watch?v=hkp0e4orVVE
271,163,Gustavo,X,90+2,2T,Norte,DA,Pé Direito,1,19,TITULAR,V,4 x 2,Avenida,Copa do Brasil,20/02/2019,QUA,21:30,https://www.youtube.com/watch?v=hkp0e4orVVE
272,165,Danilo Avelar,Pedrinho,61,2T,Norte,DA,Cabeça,1,35,TITULAR,V,1 x 0,Oeste,Paulista,17/03/2019,DOM,16:00,https://www.youtube.com/watch?v=FWW2h-O79jU
273,166,Júnior Urso,Clayson,34,1T,Sul,DA,Pé Direito,1,30,TITULAR,E,1 x 1,Ferroviária,Paulista,27/03/2019,QUA,21:30,https://www.youtube.com/watch?v=op4bM7P7My4
274,167,Manoel,Sornoza,4,1T,Sul,DA,Cabeça,1,4,TITULAR,V,2 x 1,Santos,Paulista,31/03/2019,DOM,16:00,https://www.youtube.com/watch?v=LhqAMpEudKQ
275,167,Clayson,X,32,1T,Sul,DA,Pé Direito,1,25,TITULAR,V,2 x 1,Santos,Paulista,31/03/2019,DOM,16:00,https://www.youtube.com/watch?v=LhqAMpEudKQ
276,169,Danilo Avelar,Ralf,31,1T,Sul,DA,Cabeça,1,35,TITULAR,V,2 x 1,São Paulo,Paulista,21/04/2019,DOM,16:00,https://www.youtube.com/watch?v=zntBm4j09I8
277,169,Vagner Love,Sornoza,89,2T,Norte,DA,Pé Direito,1,9,RESERVA,V,2 x 1,São Paulo,Paulista,21/04/2019,DOM,16:00,https://www.youtube.com/watch?v=zntBm4j09I8
278,170,Boselli,Ralf,16,1T,Sul,DA,Pé Direito,1,17,TITULAR,V,2 x 0,Chapecoense,Copa do Brasil,24/04/2019,QUA,21:30,https://www.youtube.com/watch?v=UjgHveQc-yw
279,170,Mateus Vital,Clayson,70,2T,Norte,DA,Pé Direito,1,22,RESERVA,V,2 x 0,Chapecoense,Copa do Brasil,24/04/2019,QUA,21:30,https://www.youtube.com/watch?v=UjgHveQc-yw
280,171,Carlos Augusto,X,55,2T,Sul,DA,Cabeça,1,6,TITULAR,V,1 x 0,Chapecoense,Brasileiro,01/05/2019,QUA,16:00,https://www.youtube.com/watch?v=2PeE1x0bg-o
281,174,Vagner Love,Fagner,60,2T,Norte,DA,Cabeça,1,9,TITULAR,V,2 x 0,Deportivo Lara,Sulamericana,23/05/2019,QUI,19:45,https://www.youtube.com/watch?v=nJp6A3fpQJc
282,174,Gustavo,Danilo Avelar,72,2T,Norte,DA,Cabeça,1,19,RESERVA,V,2 x 0,Deportivo Lara,Sulamericana,23/05/2019,QUI,19:45,https://www.youtube.com/watch?v=nJp6A3fpQJc
283,175,Pedrinho,Fagner,7,1T,Norte,FA,Pé Esquerdo,1,38,TITULAR,V,1 x 0,São Paulo,Brasileiro,26/05/2019,DOM,19:00,https://www.youtube.com/watch?v=jn7M5lqXRVI
284,176,Vagner Love,Boselli,78,2T,Sul,DA,Pé Direito,1,9,TITULAR,V,1 x 0,CSA,Brasileiro,14/07/2019,DOM,16:00,https://www.youtube.com/watch?v=8jeYsypPvzQ
285,177,Clayson,(Pênalti),62,2T,Sul,DA,Pé Direito,1,25,TITULAR,E,1 x 1,Flamengo,Brasileiro,21/07/2019,DOM,16:00,https://www.youtube.com/watch?v=MnfpncwTqL0
286,178,Clayson,Vagner Love,20,1T,Sul,DA,Pé Direito,1,25,TITULAR,V,2 x 0,Montevideo Wanderers,Sulamericana,25/07/2019,QUI,21:30,https://www.youtube.com/watch?v=3flEo3kb3C4
287,178,Pedrinho,Jadson,86,2T,Norte,FA,Pé Esquerdo,1,18,TITULAR,V,2 x 0,Montevideo Wanderers,Sulamericana,25/07/2019,QUI,21:30,https://www.youtube.com/watch?v=3flEo3kb3C4
288,179,Manoel,Sornoza,13,1T,Sul,DA,Cabeça,1,4,TITULAR,E,1 x 1,Palmeiras,Brasileiro,04/08/2019,DOM,19:00,https://www.youtube.com/watch?v=Y6KPXA8Fs8U
289,180,Júnior Urso,Clayson,25,1T,Sul,DA,Pé Direito,1,30,TITULAR,V,2 x 0,Goiás,Brasileiro,07/08/2019,QUA,19:15,https://www.youtube.com/watch?v=1wnstSIkg2M
290,180,Boselli,(Pênalti),87,2T,Norte,DA,Pé Direito,1,17,TITULAR,V,2 x 0,Goiás,Brasileiro,07/08/2019,QUA,19:15,https://www.youtube.com/watch?v=1wnstSIkg2M
291,181,Boselli,Pedrinho,42,1T,Sul,DA,Pé Direito,1,17,TITULAR,V,2 x 0,Botafogo,Brasileiro,17/08/2019,SÁB,19:00,https://www.youtube.com/watch?v=aoVPO7tx0GU
292,181,Everaldo,X,56,2T,Norte,DA,Pé Direito,1,37,TITULAR,V,2 x 0,Botafogo,Brasileiro,17/08/2019,SÁB,19:00,https://www.youtube.com/watch?v=aoVPO7tx0GU
293,183,Gustavo,Mateus Vital,89,2T,Sul,DA,Pé Esquerdo,1,19,RESERVA,V,1 x 0,Atlético (MG),Brasileiro,01/09/2019,DOM,19:00,https://www.youtube.com/watch?v=qi2O8iYayCw
294,184,(GC) João Lucas,(GC),22,1T,Sul,DA,Cabeça,(GC),(GC),(GC TITULAR),E,2 x 2,Ceará,Brasileiro,07/09/2019,SÁB,11:00,https://www.youtube.com/watch?v=U_7tVzim8rU
295,184,Vagner Love,X,37,1T,Sul,DA,Pé Esquerdo,3,9,TITULAR,E,2 x 2,Ceará,Brasileiro,07/09/2019,SÁB,11:00,https://www.youtube.com/watch?v=U_7tVzim8rU
296,186,Vagner Love,(Pênalti),44,1T,Sul,DA,Pé Direito,1,9,TITULAR,V,2 x 1,Bahia,Brasileiro,21/09/2019,SÁB,19:00,https://www.youtube.com/watch?v=bDU12pcqorc
297,186,Clayson,Pedrinho,75,2T,Norte,DA,Pé Direito,1,25,TITULAR,V,2 x 1,Bahia,Brasileiro,21/09/2019,SÁB,19:00,https://www.youtube.com/watch?v=bDU12pcqorc
298,187,Ralf,Boselli,59,2T,Sul,FA,Pé Direito,1,15,TITULAR,V,1 x 0,Vasco da Gama,Brasileiro,29/09/2019,DOM,11:00,https://www.youtube.com/watch?v=lCjs-n8aQVk
299,188,Gil,Clayson,16,1T,Sul,DA,Cabeça,1,26,TITULAR,E,2 x 2,Athletico,Brasileiro,10/10/2019,QUI,19:15,https://www.youtube.com/watch?v=iIOc8Xpq3eM
300,188,Boselli,Vagner Love,45+3,1T,Sul,DA,Pé Esquerdo,1,17,TITULAR,E,2 x 2,Athletico,Brasileiro,10/10/2019,QUI,19:15,https://www.youtube.com/watch?v=iIOc8Xpq3eM
301,189,Fagner,X,34,1T,Sul,DA,Pé Direito,1,23,TITULAR,D,1 x 2,Cruzeiro,Brasileiro,19/10/2019,SÁB,19:00,https://www.youtube.com/watch?v=cc_AGfUsYGw
302,191,Boselli,Pedrinho,37,1T,Sul,DA,Pé Direito,1,17,TITULAR,V,3 x 2,Fortaleza,Brasileiro,06/11/2019,QUA,19:30,https://www.youtube.com/watch?v=v5S3KZXQdvg
303,191,Júnior Urso,Janderson,48,2T,Norte,DA,Cabeça,1,11,TITULAR,V,3 x 2,Fortaleza,Brasileiro,06/11/2019,QUA,19:30,https://www.youtube.com/watch?v=v5S3KZXQdvg
304,191,Boselli,Clayson,72,2T,Norte,DA,Cabeça,1,17,TITULAR,V,3 x 2,Fortaleza,Brasileiro,06/11/2019,QUA,19:30,https://www.youtube.com/watch?v=v5S3KZXQdvg
305,193,Gustavo,Clayson,22,1T,Norte,DA,Cabeça,1,19,TITULAR,V,3 x 0,Avaí,Brasileiro,27/11/2019,QUA,21:30,https://www.youtube.com/watch?v=gjltPWVQMkQ
306,193,Júnior Urso,Gustavo,52,2T,Sul,DA,Pé Direito,1,11,TITULAR,V,3 x 0,Avaí,Brasileiro,27/11/2019,QUA,21:30,https://www.youtube.com/watch?v=gjltPWVQMkQ
307,193,Boselli,Fagner,87,2T,Sul,DA,Peito,1,17,RESERVA,V,3 x 0,Avaí,Brasileiro,27/11/2019,QUA,21:30,https://www.youtube.com/watch?v=gjltPWVQMkQ
308,194,Gustavo,Lucas Piton,63,2T,Sul,DA,Cabeça,1,19,RESERVA,D,1 x 2,Fluminense,Brasileiro,08/12/2019,DOM,16:00,https://www.youtube.com/watch?v=1J2G71MFq2c
309,195,Boselli,X,12,1T,Norte,DA,Pé Direito,1,17,TITULAR,V,4 x 1,Botafogo (SP),Paulista,23/01/2020,QUI,21:30,https://www.youtube.com/watch?v=UUbqaWKYUOw
310,195,Luan,(Pênalti),55,2T,Sul,DA,Pé Direito,1,7,TITULAR,V,4 x 1,Botafogo (SP),Paulista,23/01/2020,QUI,21:30,https://www.youtube.com/watch?v=UUbqaWKYUOw
311,195,Boselli,Richard,60,2T,Sul,DA,Pé Direito,1,17,TITULAR,V,4 x 1,Botafogo (SP),Paulista,23/01/2020,QUI,21:30,https://www.youtube.com/watch?v=UUbqaWKYUOw
312,195,Boselli,Fagner,84,2T,Sul,DA,Joelho D,1,17,TITULAR,V,4 x 1,Botafogo (SP),Paulista,23/01/2020,QUI,21:30,https://www.youtube.com/watch?v=UUbqaWKYUOw
313,196,Everaldo,Fagner,2,1T,Sul,DA,Pé Direito,1,37,TITULAR,V,2 x 0,Santos,Paulista,02/02/2020,DOM,11:00,https://www.youtube.com/watch?v=edraRbAQo5s
314,196,Janderson,Boselli,47,2T,Norte,DA,Pé Direito,1,31,TITULAR,V,2 x 0,Santos,Paulista,02/02/2020,DOM,11:00,https://www.youtube.com/watch?v=edraRbAQo5s
315,198,Luan,X,9,1T,Sul,FA,Pé Esquerdo,1,7,TITULAR,V,2 x 1,Guaraní (PAR),Libertadores,12/02/2020,QUA,21:30,https://www.youtube.com/watch?v=miIZbkfqr0U
316,198,Boselli,Vagner Love,32,1T,Sul,DA,Pé Esquerdo,1,17,TITULAR,V,2 x 1,Guaraní (PAR),Libertadores,12/02/2020,QUA,21:30,https://www.youtube.com/watch?v=miIZbkfqr0U
317,199,Boselli,Janderson,90+2,2T,Norte,DA,Cabeça,1,17,RESERVA,E,1 x 1,Santo André,Paulista,26/02/2020,QUA,21:30,https://www.youtube.com/watch?v=EDgGJcf1cFs
318,200,Luan,Everaldo,45+2,1T,Sul,DA,Pé Direito,1,7,TITULAR,E,1 x 1,Ituano,Paulista,15/03/2020,DOM,16:00,https://www.youtube.com/watch?v=k0pqc1PL4w0
319,201,Gil,Fagner,15,1T,Sul,DA,Cabeça,1,4,TITULAR,V,1 x 0,Palmeiras,Paulista,22/07/2020,QUA,21:30,https://www.youtube.com/watch?v=lBywLV9nCs8
320,202,Éderson,Fagner,72,2T,Norte,FA,Pé Direito,1,15,TITULAR,V,1 x 0,Mirassol,Paulista,02/08/2020,DOM,16:00,https://www.youtube.com/watch?v=624aBkZUSRE
321,204,Léo Natel,Gabriel,38,1T,Sul,FA,Pé Direito,1,18,TITULAR,V,3 x 1,Coritiba,Brasileiro,19/08/2020,QUA,21:30,https://www.youtube.com/watch?v=d5DjCMMks_4
322,204,Jô,Araos,49,2T,Norte,DA,Cabeça,1,77,TITULAR,V,3 x 1,Coritiba,Brasileiro,19/08/2020,QUA,21:30,https://www.youtube.com/watch?v=d5DjCMMks_4
323,204,Gustavo Silva,Lucas Piton,87,2T,Norte,DA,Pé Direito,1,19,RESERVA,V,3 x 1,Coritiba,Brasileiro,19/08/2020,QUA,21:30,https://www.youtube.com/watch?v=d5DjCMMks_4
324,205,Luan,X,76,2T,Sul,FA,Pé Direito,1,7,RESERVA,E,1 x 1,Fortaleza,Brasileiro,26/08/2020,QUA,21:30,https://www.youtube.com/watch?v=hunTbXghKEc
325,206,Fagner,(Pênalti),12,1T,Sul,DA,Pé Direito,1,23,TITULAR,E,2 x 2,Botafogo,Brasileiro,05/09/2020,SÁB,19:00,https://www.youtube.com/watch?v=cv1N81qnF9w
326,206,Jô,Léo Natel,90+3,2T,Norte,DA,Pé Direito,1,77,TITULAR,E,2 x 2,Botafogo,Brasileiro,05/09/2020,SÁB,19:00,https://www.youtube.com/watch?v=cv1N81qnF9w
327,208,Otero,Fagner,17,1T,Sul,FA,Pé Direito,1,11,TITULAR,V,3 x 2,Bahia,Brasileiro,16/09/2020,QUA,21:30,https://www.youtube.com/watch?v=D_er_yM6Hh8
328,208,Roni,Lucas Piton,34,1T,Sul,FA,Pé Direito,1,29,TITULAR,V,3 x 2,Bahia,Brasileiro,16/09/2020,QUA,21:30,https://www.youtube.com/watch?v=D_er_yM6Hh8
329,208,Gil,Fagner,61,2T,Norte,DA,Cabeça,1,4,TITULAR,V,3 x 2,Bahia,Brasileiro,16/09/2020,QUA,21:30,https://www.youtube.com/watch?v=D_er_yM6Hh8
330,210,Danilo Avelar,X,45,1T,Sul,DA,Cabeça,1,35,TITULAR,E,1 x 1,Santos,Brasileiro,07/10/2020,QUA,19:00,https://www.youtube.com/watch?v=-Mvq8lL8ETA
331,211,Gil,Luan,64,2T,Norte,DA,Cabeça,3,4,TITULAR,D,1 x 5,Flamengo,Brasileiro,18/10/2020,DOM,16:00,https://www.youtube.com/watch?v=OyL96NqgrKo
332,213,Matheus Davó,Cazares,33,1T,Sul,DA,Pé Esquerdo,1,33,TITULAR,V,1 x 0,Internacional,Brasileiro,31/10/2020,SÁB,19:00,https://www.youtube.com/watch?v=subLCxagJ_Q
333,214,Matheus Davó,Ramiro,6,1T,Sul,DA,Cabeça,1,33,TITULAR,D,1 x 2,Atlético (MG),Brasileiro,14/11/2020,SÁB,19:00,https://www.youtube.com/watch?v=CfyMF3XUHzE
334,216,Otero,Cantillo,25,1T,Sul,DA,Pé Esquerdo,1,11,TITULAR,V,1 x 0,São Paulo,Brasileiro,13/12/2020,DOM,18:15,https://www.youtube.com/watch?v=vuLkCq8qMF0
335,217,Gustavo Silva,Cazares,14,1T,Norte,DA,Pé Direito,1,19,TITULAR,V,2 x 1,Goiás,Brasileiro,21/12/2020,SEG,20:00,https://www.youtube.com/watch?v=-81rPnlJJqc
336,217,Jô,Cazares,51,2T,Sul,DA,Pé Esquerdo,1,77,TITULAR,V,2 x 1,Goiás,Brasileiro,21/12/2020,SEG,20:00,https://www.youtube.com/watch?v=-81rPnlJJqc
337,218,Jô,X,25,1T,Sul,DA,Pé Esquerdo,1,77,TITULAR,V,5 x 0,Fluminense,Brasileiro,13/01/2021,QUA,21:30,https://www.youtube.com/watch?v=uTvwpUnkpFs
338,218,Cazares,Gustavo Silva,56,2T,Norte,DA,Pé Direito,1,10,TITULAR,V,5 x 0,Fluminense,Brasileiro,13/01/2021,QUA,21:30,https://www.youtube.com/watch?v=uTvwpUnkpFs
339,218,Fagner,Cantillo,62,2T,Norte,DA,Pé Direito,1,23,TITULAR,V,5 x 0,Fluminense,Brasileiro,13/01/2021,QUA,21:30,https://www.youtube.com/watch?v=uTvwpUnkpFs
340,218,Mateus Vital,Gabriel,67,2T,Norte,FA,Pé Direito,1,22,TITULAR,V,5 x 0,Fluminense,Brasileiro,13/01/2021,QUA,21:30,https://www.youtube.com/watch?v=uTvwpUnkpFs
341,218,Luan,Camacho,90+1,2T,Norte,DA,Pé Esquerdo,1,7,RESERVA,V,5 x 0,Fluminense,Brasileiro,13/01/2021,QUA,21:30,https://www.youtube.com/watch?v=uTvwpUnkpFs
342,219,Gustavo Silva,Cazares,34,1T,Sul,DA,Pé Direito,1,19,TITULAR,V,3 x 0,Sport,Brasileiro,21/01/2021,QUI,21:00,https://www.youtube.com/watch?v=1dMO9fhcYKU
343,219,Mateus Vital,X,47,2T,Norte,FA,Pé Direito,1,22,TITULAR,V,3 x 0,Sport,Brasileiro,21/01/2021,QUI,21:00,https://www.youtube.com/watch?v=1dMO9fhcYKU
344,219,Jô,X,80,2T,Norte,DA,Pé Esquerdo,1,77,TITULAR,V,3 x 0,Sport,Brasileiro,21/01/2021,QUI,21:00,https://www.youtube.com/watch?v=1dMO9fhcYKU
345,221,Fábio Santos,(Pênalti),21,1T,Sul,DA,Pé Esquerdo,1,26,TITULAR,V,2 x 1,Ceará,Brasileiro,03/02/2021,QUA,21:30,https://www.youtube.com/watch?v=FtNpPzJ3v24
346,221,Léo Natel,Gustavo Silva,28,1T,Sul,DA,Pé Esquerdo,1,18,TITULAR,V,2 x 1,Ceará,Brasileiro,03/02/2021,QUA,21:30,https://www.youtube.com/watch?v=FtNpPzJ3v24
347,222,Gustavo Silva,Fagner,3,1T,Sul,DA,Pé Esquerdo,1,19,TITULAR,E,3 x 3,Athletico,Brasileiro,10/02/2021,QUA,21:30,https://www.youtube.com/watch?v=xtW-7o7U4YI
348,222,Gabriel,Gil,18,1T,Sul,DA,Cabeça,1,5,TITULAR,E,3 x 3,Athletico,Brasileiro,10/02/2021,QUA,21:30,https://www.youtube.com/watch?v=xtW-7o7U4YI
349,222,Gustavo Silva,Araos,56,2T,Norte,DA,Pé Direito,1,19,TITULAR,E,3 x 3,Athletico,Brasileiro,10/02/2021,QUA,21:30,https://www.youtube.com/watch?v=xtW-7o7U4YI
350,224,Mateus Vital,Jemerson,35,1T,Sul,DA,Pé Direito,1,22,TITULAR,E,2 x 2,Palmeiras,Paulista,03/03/2021,QUA,19:00,https://www.youtube.com/watch?v=7KQq9j9TEXc
351,224,Rodrigo Varanda,Mateus Vital,49,2T,Norte,DA,Pé Esquerdo,1,30,TITULAR,E,2 x 2,Palmeiras,Paulista,03/03/2021,QUA,19:00,https://www.youtube.com/watch?v=7KQq9j9TEXc
352,225,Mateus Vital,Rodrigo Varanda,45+1,1T,Sul,FA,Pé Direito,1,22,TITULAR,V,2 x 1,Ponte Preta,Paulista,07/03/2021,DOM,11:00,https://www.youtube.com/watch?v=0ohd1DLFD9g
353,225,Jô,X,78,2T,Norte,DA,Pé Esquerdo,1,77,TITULAR,V,2 x 1,Ponte Preta,Paulista,07/03/2021,DOM,11:00,https://www.youtube.com/watch?v=0ohd1DLFD9g
354,226,Fábio Santos,(Pênalti),77,2T,Norte,DA,Pé Esquerdo,1,26,TITULAR,E,1 x 1,São Bento,Paulista,16/04/2021,SEX,20:00,https://www.youtube.com/watch?v=q5VKr8wSZpc
355,227,Otero,Léo Natel,45+4,1T,Norte,DA,Cabeça,1,11,TITULAR,V,2 x 0,Ituano,Paulista,18/04/2021,DOM,22:00,https://www.youtube.com/watch?v=1lKuQes_cmo
356,227,Jô,Camacho,64,2T,Sul,DA,Pé Direito,1,77,TITULAR,V,2 x 0,Ituano,Paulista,18/04/2021,DOM,22:00,https://www.youtube.com/watch?v=1lKuQes_cmo
357,229,Luan,Ramiro,41,1T,Sul,FA,Pé Direito,1,7,TITULAR,E,2 x 2,São Paulo,Paulista,02/05/2021,DOM,22:15,https://www.youtube.com/watch?v=FY-6WiIN1UY
358,229,Gustavo Silva,Fagner,85,2T,Norte,DA,Pé Esquerdo,1,19,RESERVA,E,2 x 2,São Paulo,Paulista,02/05/2021,DOM,22:15,https://www.youtube.com/watch?v=FY-6WiIN1UY
359,230,Fábio Santos,(Pênalti),39,1T,Sul,DA,Pé Esquerdo,1,26,TITULAR,V,2 x 1,Grêmio Novorizontino,Paulista,09/05/2021,DOM,16:00,https://www.youtube.com/watch?v=f8uRfP7qWFg
360,230,Mandaca,Fábio Santos,63,2T,Norte,DA,Cabeça,1,44,TITULAR,V,2 x 1,Grêmio Novorizontino,Paulista,09/05/2021,DOM,16:00,https://www.youtube.com/watch?v=f8uRfP7qWFg
361,231,Fagner,Lucas Piton,10,1T,Sul,DA,Pé Direito,1,23,TITULAR,V,4 x 1,Internacional de Limeira,Paulista,11/05/2021,TER,16:00,https://www.youtube.com/watch?v=Ig3nqw806Aw
362,231,Jemerson,Luan,59,2T,Norte,DA,Pé Direito,1,3,TITULAR,V,4 x 1,Internacional de Limeira,Paulista,11/05/2021,TER,16:00,https://www.youtube.com/watch?v=Ig3nqw806Aw
363,231,Jemerson,João Victor,78,2T,Norte,DA,Pé Direito,1,3,TITULAR,V,4 x 1,Internacional de Limeira,Paulista,11/05/2021,TER,16:00,https://www.youtube.com/watch?v=Ig3nqw806Aw
364,231,Raul Gustavo,Mateus Vital,90+3,2T,Norte,DA,Cabeça,1,34,TITULAR,V,4 x 1,Internacional de Limeira,Paulista,11/05/2021,TER,16:00,https://www.youtube.com/watch?v=Ig3nqw806Aw
365,233,Gustavo Silva,X,11,1T,Norte,DA,Peito,1,19,TITULAR,V,5 x 0,Sport Huncayo,Sulamericana,20/05/2021,QUI,21:30,https://www.youtube.com/watch?v=PDTFGkLSWmA
366,233,Mateus Vital,X,35,1T,Norte,FA,Pé Direito,1,22,TITULAR,V,5 x 0,Sport Huncayo,Sulamericana,20/05/2021,QUI,21:30,https://www.youtube.com/watch?v=PDTFGkLSWmA
367,233,Gil,Mateus Vital,57,2T,Sul,DA,Cabeça,1,4,TITULAR,V,5 x 0,Sport Huncayo,Sulamericana,20/05/2021,QUI,21:30,https://www.youtube.com/watch?v=PDTFGkLSWmA
368,233,Gustavo Silva,Jô,69,2T,Sul,DA,Pé Direito,1,19,TITULAR,V,5 x 0,Sport Huncayo,Sulamericana,20/05/2021,QUI,21:30,https://www.youtube.com/watch?v=PDTFGkLSWmA
369,233,Luan,Adson,82,2T,Sul,DA,Pé Direito,1,7,TITULAR,V,5 x 0,Sport Huncayo,Sulamericana,20/05/2021,QUI,21:30,https://www.youtube.com/watch?v=PDTFGkLSWmA
370,234,Ramiro,X,22,1T,Sul,FA,Pé Direito,1,8,TITULAR,V,4 x 0,River Plate (PAR),Sulamericana,26/05/2021,QUA,21:30,https://www.youtube.com/watch?v=tS91Q9vmbWc
371,234,Jô,Bruno Méndez,29,1T,Sul,DA,Pé Direito,1,9,TITULAR,V,4 x 0,River Plate (PAR),Sulamericana,26/05/2021,QUA,21:30,https://www.youtube.com/watch?v=tS91Q9vmbWc
372,234,Mateus Vital,Adson,34,1T,Sul,DA,Pé Direito,1,22,TITULAR,V,4 x 0,River Plate (PAR),Sulamericana,26/05/2021,QUA,21:30,https://www.youtube.com/watch?v=tS91Q9vmbWc
373,234,Ramiro,Cantillo,59,2T,Norte,DA,Pé Direito,1,8,TITULAR,V,4 x 0,River Plate (PAR),Sulamericana,26/05/2021,QUA,21:30,https://www.youtube.com/watch?v=tS91Q9vmbWc
374,237,Roni,Gustavo Silva,19,1T,Sul,DA,Pé Direito,1,29,TITULAR,D,1 x 2,Bragantino,Brasileiro,16/06/2021,QUA,20:30,https://www.youtube.com/watch?v=PIZxswaNBqY
375,238,(GC) Iago Maidana,(GC),45+4,1T,Sul,DA,Pé Esquerdo,(GC),(GC),(GC TITULAR),V,2 x 1,Sport,Brasileiro,24/06/2021,QUI,19:00,https://www.youtube.com/watch?v=CFD8WRVEQ2c
376,238,Jô,Gil,52,2T,Norte,DA,Pé Direito,1,77,TITULAR,V,2 x 1,Sport,Brasileiro,24/06/2021,QUI,19:00,https://www.youtube.com/watch?v=CFD8WRVEQ2c
377,240,Jô,X,80,2T,Norte,DA,Pé Direito,1,77,TITULAR,E,1 x 1,Internacional,Brasileiro,03/07/2021,SÁB,21:00,https://www.youtube.com/watch?v=9dGCBt2XKFc
378,241,Gustavo Silva,Cantillo,38,1T,Sul,DA,Pé Esquerdo,1,19,TITULAR,D,1 x 2,Atlético (MG),Brasileiro,17/07/2021,SÁB,19:00,https://www.youtube.com/watch?v=HsMLbUObiaw
379,242,Vitinho,X,88,2T,Norte,FA,Pé Direito,1,43,RESERVA,D,1 x 3,Flamengo,Brasileiro,01/08/2021,DOM,16:00,https://www.youtube.com/watch?v=EQ7Xtny45b4
380,243,Adson,Roni,17,1T,Sul,DA,Pé Esquerdo,1,28,TITULAR,V,3 x 1,Ceará,Brasileiro,15/08/2021,DOM,16:00,https://www.youtube.com/watch?v=7vystaoatKY
381,243,Adson,Fábio Santos,30,1T,Sul,DA,Cabeça,1,28,TITULAR,V,3 x 1,Ceará,Brasileiro,15/08/2021,DOM,16:00,https://www.youtube.com/watch?v=7vystaoatKY
382,243,Renato Augusto,Giuliano,68,2T,Norte,FA,Pé Direito,1,8,RESERVA,V,3 x 1,Ceará,Brasileiro,15/08/2021,DOM,16:00,https://www.youtube.com/watch?v=7vystaoatKY
383,244,Roger Guedes,(Falta),85,2T,Norte,FA,Pé Direito,1,123,TITULAR,E,1 x 1,Juventude,Brasileiro,07/09/2021,TER,21:30,https://www.youtube.com/watch?v=EplUZpNd_rg
384,245,Giuliano,Jô,17,1T,Sul,DA,Pé Direito,1,11,TITULAR,E,1 x 1,América (MG),Brasileiro,19/09/2021,DOM,18:15,https://www.youtube.com/watch?v=S5rn4iQ5HVo
385,246,Roger Guedes,Giuliano,20,1T,Sul,DA,Pé Esquerdo,1,123,TITULAR,V,2 x 1,Palmeiras,Brasileiro,25/09/2021,SÁB,19:00,https://www.youtube.com/watch?v=Pz6HQHRv6Ps
386,246,Roger Guedes,Vitinho,84,2T,Norte,DA,Pé Direito,1,123,TITULAR,V,2 x 1,Palmeiras,Brasileiro,25/09/2021,SÁB,19:00,https://www.youtube.com/watch?v=Pz6HQHRv6Ps
387,247,Roger Guedes,(Pênalti),45+4,1T,Sul,DA,Pé Direito,1,123,TITULAR,V,3 x 1,Bahia,Brasileiro,05/10/2021,TER,21:30,https://www.youtube.com/watch?v=Ys8a62bk5Kk
388,247,Cantillo,Fagner,52,2T,Norte,DA,Cabeça,1,24,TITULAR,V,3 x 1,Bahia,Brasileiro,05/10/2021,TER,21:30,https://www.youtube.com/watch?v=Ys8a62bk5Kk
389,247,Jô,X,69,2T,Norte,DA,Pé Direito,1,77,RESERVA,V,3 x 1,Bahia,Brasileiro,05/10/2021,TER,21:30,https://www.youtube.com/watch?v=Ys8a62bk5Kk
390,248,Gabriel Pereira,Gustavo Silva,69,2T,Norte,DA,Pé Esquerdo,1,38,TITULAR,V,1 x 0,Fluminense,Brasileiro,13/10/2021,QUA,21:00,https://www.youtube.com/watch?v=sCTZCuPLa9I
391,249,Roger Guedes,Jô,90+8,2T,Sul,DA,Pé Direito,1,123,TITULAR,V,1 x 0,Chapecoense,Brasileiro,01/11/2021,SEG,21:30,https://www.youtube.com/watch?v=Lai9pJvEOMY
392,250,Cantillo,X,87,2T,Sul,DA,Pé Esquerdo,1,24,RESERVA,V,1 x 0,Fortaleza,Brasileiro,06/11/2021,SÁB,17:00,https://www.youtube.com/watch?v=90NqvhE5lv8
393,251,Giuliano,Lucas Piton,3,1T,Sul,DA,Cabeça,1,11,TITULAR,V,3 x 2,Cuiabá,Brasileiro,13/11/2021,SÁB,21:00,https://www.youtube.com/watch?v=p9zTfuPFLI4
394,251,Renato Augusto,Roger Guedes,51,2T,Norte,FA,Pé Direito,1,8,TITULAR,V,3 x 2,Cuiabá,Brasileiro,13/11/2021,SÁB,21:00,https://www.youtube.com/watch?v=p9zTfuPFLI4
395,251,Roger Guedes,Renato Augusto,57,2T,Norte,DA,Pé Esquerdo,1,123,TITULAR,V,3 x 2,Cuiabá,Brasileiro,13/11/2021,SÁB,21:00,https://www.youtube.com/watch?v=p9zTfuPFLI4
396,252,Jô,Du Queiroz,47,2T,Sul,DA,Pé Esquerdo,1,77,TITULAR,V,2 x 0,Santos,Brasileiro,21/11/2021,DOM,16:00,https://www.youtube.com/watch?v=avVw8oj5200
397,252,Gabriel,Jô,82,2T,Sul,DA,Pé Direito,1,5,TITULAR,V,2 x 0,Santos,Brasileiro,21/11/2021,DOM,16:00,https://www.youtube.com/watch?v=avVw8oj5200
398,253,Fábio Santos,(Pênalti),65,2T,Sul,DA,Pé Esquerdo,1,26,TITULAR,V,1 x 0,Athletico,Brasileiro,28/11/2021,DOM,16:00,https://www.youtube.com/watch?v=W56O61v_2yo
399,254,Renato Augusto,Willian,86,2T,Sul,FA,Pé Direito,1,8,TITULAR,E,1 x 1,Grêmio,Brasileiro,05/12/2021,DOM,16:00,https://www.youtube.com/watch?v=e85XfY1srEU
400,256,Jô,Giuliano,52,2T,Sul,DA,Pé Esquerdo,1,77,TITULAR,D,1 x 2,Santos,Paulista,02/02/2022,QUA,21:35,https://www.youtube.com/watch?v=b-g71W3ouGk
401,257,Renato Augusto,Giuliano,19,1T,Sul,FA,Pé Direito,1,8,TITULAR,V,2 x 1,Mirassol,Paulista,10/02/2022,QUI,21:30,https://www.youtube.com/watch?v=k6jZx3ygICE
402,257,Paulinho,Fagner,30,1T,Sul,DA,Pé Direito,1,15,TITULAR,V,2 x 1,Mirassol,Paulista,10/02/2022,QUI,21:30,https://www.youtube.com/watch?v=k6jZx3ygICE
403,258,Roger Guedes,Giuliano,54,2T,Norte,DA,Pé Direito,1,9,TITULAR,V,3 x 0,São Bernardo,Paulista,16/02/2022,QUA,21:35,https://www.youtube.com/watch?v=RxNTr6pwiDQ
404,258,Roger Guedes,Renato Augusto,68,2T,Norte,DA,Pé Direito,1,9,TITULAR,V,3 x 0,São Bernardo,Paulista,16/02/2022,QUA,21:35,https://www.youtube.com/watch?v=RxNTr6pwiDQ
405,258,Willian,(Pênalti),72,2T,Norte,DA,Pé Direito,1,10,TITULAR,V,3 x 0,São Bernardo,Paulista,16/02/2022,QUA,21:35,https://www.youtube.com/watch?v=RxNTr6pwiDQ
406,259,Gustavo Silva,X,80,2T,Norte,DA,Pé Direito,1,19,RESERVA,V,1 x 0,Bragantino,Paulista,27/02/2022,DOM,11:00,https://www.youtube.com/watch?v=oJHhZj38QS4
407,260,Renato Augusto,X,15,1T,Sul,FA,Pé Direito,1,8,TITULAR,V,5 x 0,Ponte Preta,Paulista,12/03/2022,SÁB,18:30,https://www.youtube.com/watch?v=xIgqxsngvx0
408,260,Paulinho,Fagner,45,1T,Sul,DA,Pé Direito,1,15,TITULAR,V,5 x 0,Ponte Preta,Paulista,12/03/2022,SÁB,18:30,https://www.youtube.com/watch?v=xIgqxsngvx0
409,260,Gustavo Silva,Willian,45+3,1T,Sul,DA,Pé Direito,1,19,TITULAR,V,5 x 0,Ponte Preta,Paulista,12/03/2022,SÁB,18:30,https://www.youtube.com/watch?v=xIgqxsngvx0
410,260,Adson,Fagner,61,2T,Norte,DA,Pé Direito,1,29,RESERVA,V,5 x 0,Ponte Preta,Paulista,12/03/2022,SÁB,18:30,https://www.youtube.com/watch?v=xIgqxsngvx0
411,260,Gustavo Mantuan,Adson,90+5,2T,Norte,DA,Pé Direito,1,31,RESERVA,V,5 x 0,Ponte Preta,Paulista,12/03/2022,SÁB,18:30,https://www.youtube.com/watch?v=xIgqxsngvx0
412,261,Gil,Renato Augusto,43,1T,Sul,DA,Cabeça,1,4,TITULAR,E,1 x 1,Guarani,Paulista,24/03/2022,QUI,19:00,https://www.youtube.com/watch?v=6jmTYHD9i4Q
413,262,(GC) José Caldera,(GC),68,2T,Norte,DA,Cabeça,(GC),(GC),(GC TITULAR),V,1 x 0,Deportivo Cali,Libertadores,13/04/2022,QUA,21:00,https://www.youtube.com/watch?v=bsfQ5gK1P-E
414,263,Roger Guedes,X,9,1T,Norte,DA,Pé Esquerdo,1,9,TITULAR,V,3 x 0,Avaí,Brasileiro,16/04/2022,SÁB,16:00,https://www.youtube.com/watch?v=lIsRCKF8mgY
415,263,Roger Guedes,Lucas Piton,25,1T,Norte,DA,Pé Direito,1,9,TITULAR,V,3 x 0,Avaí,Brasileiro,16/04/2022,SÁB,16:00,https://www.youtube.com/watch?v=lIsRCKF8mgY
416,263,Roger Guedes,Giuliano,55,2T,Sul,DA,Pé Direito,1,9,TITULAR,V,3 x 0,Avaí,Brasileiro,16/04/2022,SÁB,16:00,https://www.youtube.com/watch?v=lIsRCKF8mgY
417,264,Maycon,Fagner,5,1T,Sul,DA,Cabeça,1,5,TITULAR,V,2 x 0,Boca Juniors,Libertadores,26/04/2022,TER,21:30,https://www.youtube.com/watch?v=oe5UHSk0r1I
418,264,Maycon,X,78,2T,Norte,DA,Pé Esquerdo,1,5,TITULAR,V,2 x 0,Boca Juniors,Libertadores,26/04/2022,TER,21:30,https://www.youtube.com/watch?v=oe5UHSk0r1I
419,265,(GC) Matheus Jussa,(GC),53,2T,Sul,DA,Cabeça,(GC),(GC),(GC TITULAR),V,1 x 0,Fortaleza,Brasileiro,01/05/2022,DOM,16:00,https://www.youtube.com/watch?v=R71YKTGAB2E
420,266,Júnior Moraes,Giuliano,8,1T,Sul,DA,Pé Esquerdo,1,18,TITULAR,V,2 x 0,Portuguesa (RJ),Copa do Brasil,11/05/2022,QUA,21:30,https://www.youtube.com/watch?v=7_h0-VMICG4
421,266,Giuliano,Gustavo Silva,38,1T,Sul,DA,Pé Esquerdo,1,11,TITULAR,V,2 x 0,Portuguesa (RJ),Copa do Brasil,11/05/2022,QUA,21:30,https://www.youtube.com/watch?v=7_h0-VMICG4
422,267,Adson,Lucas Piton,80,2T,Sul,DA,Cabeça,1,28,RESERVA,E,1 x 1,São Paulo,Brasileiro,22/05/2022,DOM,16:00,https://www.youtube.com/watch?v=aO9thPk0joo
423,268,Adson,Giuliano,19,1T,Norte,DA,Pé Esquerdo,1,28,TITULAR,E,1 x 1,Always Ready,Libertadores,26/05/2022,QUI,21:00,https://www.youtube.com/watch?v=kMqPeRr3kiM
424,269,Gustavo Silva,X,82,2T,Sul,DA,Pé Direito,1,19,RESERVA,E,1 x 1,América (MG),Brasileiro,29/05/2022,DOM,18:00,https://www.youtube.com/watch?v=YSMuW-Gp38M
425,270,Adson,Rafael Ramos,2,1T,Sul,DA,Pé Direito,1,28,TITULAR,V,2 x 0,Juventude,Brasileiro,11/06/2022,SÁB,16:30,https://www.youtube.com/watch?v=6ed-d5NU3k4
426,270,Gustavo Mantuan,Du Queiroz,84,2T,Norte,DA,Pé Direito,1,31,RESERVA,V,2 x 0,Juventude,Brasileiro,11/06/2022,SÁB,16:30,https://www.youtube.com/watch?v=6ed-d5NU3k4
427,271,Fábio Santos,(Pênalti),34,1T,Sul,DA,Pé Esquerdo,1,26,TITULAR,V,1 x 0,Goiás,Brasileiro,19/06/2022,DOM,16:00,https://www.youtube.com/watch?v=HN7Hs_tzjG4
428,272,Gustavo Mantuan,Lucas Piton,20,1T,Sul,DA,Pé Esquerdo,1,34,TITULAR,V,4 x 0,Santos,Copa do Brasil,22/06/2022,QUA,21:30,https://www.youtube.com/watch?v=ASfYjHEjv0w
429,272,Giuliano,Du Queiroz,28,1T,Sul,DA,Pé Esquerdo,1,11,TITULAR,V,4 x 0,Santos,Copa do Brasil,22/06/2022,QUA,21:30,https://www.youtube.com/watch?v=ASfYjHEjv0w
430,272,Raul Gustavo,Willian,43,1T,Sul,DA,Cabeça,1,34,TITULAR,V,4 x 0,Santos,Copa do Brasil,22/06/2022,QUA,21:30,https://www.youtube.com/watch?v=ASfYjHEjv0w
431,272,Giuliano,Robert Renan,77,2T,Norte,DA,Pé Direito,1,11,TITULAR,V,4 x 0,Santos,Copa do Brasil,22/06/2022,QUA,21:30,https://www.youtube.com/watch?v=ASfYjHEjv0w
432,275,(GC) Rodinei,(GC),52,2T,Norte,DA,Pé Direito,(GC),(GC),(GC TITULAR),V,1 x 0,Flamengo,Brasileiro,10/07/2022,DOM,16:00,https://www.youtube.com/watch?v=VvP9kek2dzI
433,276,Roger Guedes,X,36,1T,Sul,DA,Pé Direito,1,9,TITULAR,V,3 x 1,Coritiba,Brasileiro,20/07/2022,QUA,21:30,https://www.youtube.com/watch?v=OvKsZ8AvX10
434,276,Adson,Raul Gustavo,67,2T,Norte,DA,Pé Esquerdo,1,28,RESERVA,V,3 x 1,Coritiba,Brasileiro,20/07/2022,QUA,21:30,https://www.youtube.com/watch?v=OvKsZ8AvX10
435,276,Raul Gustavo,Gustavo Silva,85,2T,Norte,DA,Cabeça,1,34,TITULAR,V,3 x 1,Coritiba,Brasileiro,20/07/2022,QUA,21:30,https://www.youtube.com/watch?v=OvKsZ8AvX10
436,277,Gustavo Silva,Roni,27,1T,Sul,DA,Pé Esquerdo,1,19,TITULAR,V,1 x 0,Botafogo,Brasileiro,30/07/2022,SÁB,19:00,https://www.youtube.com/watch?v=U7RmcgkBxAM
437,280,Gil,Renato Augusto,42,1T,Sul,DA,Cabeça,1,4,TITULAR,V,4 x 1,Atlético (GO),Copa do Brasil,17/08/2022,QUA,21:30,https://www.youtube.com/watch?v=-Sh9sbySusw
438,280,Yuri Alberto,Roger Guedes,50,2T,Norte,DA,Pé Esquerdo,1,9,TITULAR,V,4 x 1,Atlético (GO),Copa do Brasil,17/08/2022,QUA,21:30,https://www.youtube.com/watch?v=-Sh9sbySusw
439,280,Yuri Alberto,Renato Augusto,56,2T,Norte,DA,Cabeça,1,9,TITULAR,V,4 x 1,Atlético (GO),Copa do Brasil,17/08/2022,QUA,21:30,https://www.youtube.com/watch?v=-Sh9sbySusw
440,280,Yuri Alberto,Renato Augusto,72,2T,Norte,DA,Pé Direito,1,9,TITULAR,V,4 x 1,Atlético (GO),Copa do Brasil,17/08/2022,QUA,21:30,https://www.youtube.com/watch?v=-Sh9sbySusw
441,281,Gustavo Silva,X,31,1T,Sul,DA,Pé Direito,1,19,TITULAR,V,1 x 0,Bragantino,Brasileiro,29/08/2022,SEG,21:30,https://www.youtube.com/watch?v=JygD-xd_Kyo
442,282,Balbuena,Gil,13,1T,Sul,DA,Pé Direito,1,31,TITULAR,E,2 x 2,Internacional,Brasileiro,04/09/2022,DOM,16:00,https://www.youtube.com/watch?v=4_CZsKOhbe0
443,282,Yuri Alberto,X,19,1T,Sul,DA,Pé Direito,1,9,TITULAR,E,2 x 2,Internacional,Brasileiro,04/09/2022,DOM,16:00,https://www.youtube.com/watch?v=4_CZsKOhbe0
444,283,Renato Augusto,Roger Guedes,34,1T,Norte,FA,Pé Direito,1,8,TITULAR,V,3 x 0,Fluminense,Copa do Brasil,15/09/2022,QUI,20:00,https://www.youtube.com/watch?v=xJjl9Ff34Z4
445,283,Giuliano,Adson,90+1,2T,Sul,DA,Pé Direito,1,11,TITULAR,V,3 x 0,Fluminense,Copa do Brasil,15/09/2022,QUI,20:00,https://www.youtube.com/watch?v=xJjl9Ff34Z4
446,283,(GC) Felipe Melo,(GC),90+4,2T,Sul,DA,Pé Direito,(GC),(GC),(GC TITULAR),V,3 x 0,Fluminense,Copa do Brasil,15/09/2022,QUI,20:00,https://www.youtube.com/watch?v=xJjl9Ff34Z4
447,284,Roger Guedes,X,12,1T,Norte,DA,Pé Direito,1,10,TITULAR,V,2 x 1,Atlético (GO),Brasileiro,28/09/2022,QUA,19:00,https://www.youtube.com/watch?v=Ir9Rom4Z_9I
448,284,Yuri Alberto,X,87,2T,Sul,DA,Pé Direito,1,9,TITULAR,V,2 x 1,Atlético (GO),Brasileiro,28/09/2022,QUA,19:00,https://www.youtube.com/watch?v=Ir9Rom4Z_9I
449,285,Yuri Alberto,Renato Augusto,33,1T,Sul,DA,Cabeça,1,9,TITULAR,V,2 x 0,Cuiabá,Brasileiro,01/10/2022,SÁB,21:00,https://www.youtube.com/watch?v=H-EOwRaCIC0
450,285,Roger Guedes,Renato Augusto,45+4,1T,Sul,DA,Pé Direito,1,10,TITULAR,V,2 x 0,Cuiabá,Brasileiro,01/10/2022,SÁB,21:00,https://www.youtube.com/watch?v=H-EOwRaCIC0
451,286,Balbuena,Fagner,6,1T,Sul,DA,Cabeça,3,31,TITULAR,V,2 x 1,Athletico,Brasileiro,08/10/2022,SÁB,21:00,https://www.youtube.com/watch?v=dLsKgwMGoIQ
452,286,Roger Guedes,(Pênalti),22,1T,Sul,DA,Pé Direito,3,10,TITULAR,V,2 x 1,Athletico,Brasileiro,09/10/2022,SÁB,21:00,https://www.youtube.com/watch?v=dLsKgwMGoIQ
453,289,Yuri Alberto,X,90,2T,Norte,DA,Pé Esquerdo,1,9,TITULAR,V,1 x 0,Ceará,Brasileiro,05/11/2022,SÁB,20:30,https://www.youtube.com/watch?v=ms8xRdUZgTU
454,291,Yuri Alberto,Fagner,21,1T,Sul,DA,Cabeça,1,9,TITULAR,V,3 x 0,Água Santa,Paulista,18/01/2023,QUA,19:30,https://www.youtube.com/watch?v=6QkrfBAKEmo
455,291,Roger Guedes,Yuri Alberto,39,1T,Sul,DA,Pé Esquerdo,1,10,TITULAR,V,3 x 0,Água Santa,Paulista,18/01/2023,QUA,19:30,https://www.youtube.com/watch?v=6QkrfBAKEmo
456,291,Roger Guedes,Yuri Alberto,70,2T,Norte,DA,Joelho E,1,10,TITULAR,V,3 x 0,Água Santa,Paulista,18/01/2023,QUA,19:30,https://www.youtube.com/watch?v=6QkrfBAKEmo
457,292,Roger Guedes,Renato Augusto,45+2,1T,Sul,DA,Pé Direito,1,10,TITULAR,V,2 x 1,Guarani,Paulista,24/01/2023,TER,20:00,https://www.youtube.com/watch?v=DFfUzbVfnHM
458,292,Fábio Santos,Yuri Alberto,52,2T,Norte,DA,Cabeça,1,6,TITULAR,V,2 x 1,Guarani,Paulista,24/01/2023,TER,20:00,https://www.youtube.com/watch?v=DFfUzbVfnHM
459,293,Roger Guedes,Renato Augusto,30,1T,Sul,DA,Pé Direito,1,10,TITULAR,V,2 x 0,Botafogo (SP),Paulista,05/02/2023,DOM,18:30,https://www.youtube.com/watch?v=HEbXjxO3Rho
460,293,Adson,X,37,1T,Sul,DA,Pé Esquerdo,1,28,TITULAR,V,2 x 0,Botafogo (SP),Paulista,05/02/2023,DOM,18:30,https://www.youtube.com/watch?v=HEbXjxO3Rho
461,294,Roger Guedes,Renato Augusto,9,1T,Sul,DA,Pé Direito,1,10,TITULAR,E,2 x 2,Palmeiras,Paulista,16/02/2023,QUI,21:30,https://www.youtube.com/watch?v=9Zb7Kttp49M
462,294,Gil,Giuliano,78,2T,Norte,DA,Pé Direito,1,4,TITULAR,E,2 x 2,Palmeiras,Paulista,16/02/2023,QUI,21:30,https://www.youtube.com/watch?v=9Zb7Kttp49M
463,295,Roger Guedes,Yuri Alberto,10,1T,Sul,DA,Pé Direito,1,10,TITULAR,V,3 x 0,Mirassol,Paulista,04/03/2023,SÁB,18:30,https://www.youtube.com/watch?v=q3myxNrgqZ0
464,295,Renato Augusto,Giuliano,45+1,1T,Sul,FA,Pé Direito,1,8,TITULAR,V,3 x 0,Mirassol,Paulista,04/03/2023,SÁB,18:30,https://www.youtube.com/watch?v=q3myxNrgqZ0
465,295,Roger Guedes,Giuliano,57,2T,Norte,DA,Pé Esquerdo,1,10,TITULAR,V,3 x 0,Mirassol,Paulista,04/03/2023,SÁB,18:30,https://www.youtube.com/watch?v=q3myxNrgqZ0
466,296,Yuri Alberto,Matheus Araújo,40,1T,Sul,DA,Pé Esquerdo,1,9,TITULAR,V,3 x 1,Santo André,Paulista,04/03/2023,SÁB,18:30,https://www.youtube.com/watch?v=-ni80EgHJqM
467,296,Paulinho,Fagner,60,2T,Norte,DA,Pé Direito,1,15,RESERVA,V,3 x 1,Santo André,Paulista,04/03/2023,SÁB,18:30,https://www.youtube.com/watch?v=-ni80EgHJqM
468,296,Yuri Alberto,Fausto,64,2T,Norte,DA,Pé Direito,1,9,TITULAR,V,3 x 1,Santo André,Paulista,04/03/2023,SÁB,18:30,https://www.youtube.com/watch?v=-ni80EgHJqM
469,297,Paulinho,Adson,35,1T,Sul,DA,Cabeça,1,15,TITULAR,E,1 x 1,Ituano,Paulista,12/03/2023,DOM,16:00,https://www.youtube.com/watch?v=ACv4yLD4g20
470,298,Matheus Araújo,Fausto,68,2T,Norte,DA,Pé Direito,1,30,RESERVA,V,2 x 1,Cruzeiro,Brasileiro,16/04/2023,DOM,16:00,https://www.youtube.com/watch?v=JvlrWaXKCKU
471,298,Roger Guedes,X,87,2T,Norte,DA,Pé Direito,1,10,TITULAR,V,2 x 1,Cruzeiro,Brasileiro,16/04/2023,DOM,16:00,https://www.youtube.com/watch?v=JvlrWaXKCKU
472,300,Adson,Yuri Alberto,2,1T,Sul,DA,Pé Esquerdo,1,28,TITULAR,V,2 x 0,Remo,Copa do Brasil,26/04/2023,QUA,21:30,https://www.youtube.com/watch?v=OgSn2TfNc4w
473,300,Roger Guedes,Fagner,90+3,2T,Norte,DA,Cabeça,1,10,TITULAR,V,2 x 0,Remo,Copa do Brasil,26/04/2023,QUA,21:30,https://www.youtube.com/watch?v=OgSn2TfNc4w
474,301,Roger Guedes,Adson,35,1T,Norte,DA,Pé Direito,1,10,TITULAR,D,1 x 2,Independiente del Valle,Libertadores,02/05/2023,TER,21:00,https://www.youtube.com/watch?v=kqWePubQSmU
475,302,Yuri Alberto,X,88,2T,Sul,DA,Pé Direito,1,9,TITULAR,E,1 x 1,Fortaleza,Brasileiro,08/05/2023,SEG,20:00,https://www.youtube.com/watch?v=jfN6kUrdqW0
476,303,Roger Guedes,(Pênalti),45+6,1T,Sul,DA,Pé Direito,1,10,TITULAR,E,1 x 1,São Paulo,Brasileiro,14/05/2023,DOM,16:00,https://www.youtube.com/watch?v=8YjMw7afGb4
477,304,Roger Guedes,Yuri Alberto,59,2T,Sul,DA,Cabeça,1,10,TITULAR,V,2 x 0,Fluminense,Brasileiro,28/05/2023,DOM,16:00,https://www.youtube.com/watch?v=yogGxspNprw
478,304,Roger Guedes,Fagner,90+2,2T,Sul,DA,Cabeça,1,10,TITULAR,V,2 x 0,Fluminense,Brasileiro,28/05/2023,DOM,16:00,https://www.youtube.com/watch?v=yogGxspNprw
479,305,Matheus Bidu,Renato Augusto,34,1T,Sul,DA,Peito,1,21,TITULAR,V,2 x 0,Atlético (MG),Copa do Brasil,31/05/2023,QUA,21:30,https://www.youtube.com/watch?v=zhZ7tdSNAww
480,305,Roger Guedes,Matheus Bidu,64,2T,Norte,DA,Pé Direito,1,10,TITULAR,V,2 x 0,Atlético (MG),Copa do Brasil,31/05/2023,QUA,21:30,https://www.youtube.com/watch?v=zhZ7tdSNAww
481,306,Ruan Oliveira,X,81,2T,Norte,DA,Pé Direito,1,33,RESERVA,E,1 x 1,Cuiabá,Brasileiro,10/06/2023,SÁB,18:30,https://www.youtube.com/watch?v=jEsc2ySCPV0
482,307,Matheus Araújo,X,32,1T,Norte,DA,Pé Direito,1,30,TITULAR,V,3 x 0,Liverpool (URU),Libertadores,28/06/2023,QUA,21:30,https://www.youtube.com/watch?v=0RPzhL6yG6g
483,307,Felipe Augusto,X,64,2T,Sul,DA,Joelho E,1,41,TITULAR,V,3 x 0,Liverpool (URU),Libertadores,28/06/2023,QUA,21:30,https://www.youtube.com/watch?v=0RPzhL6yG6g
484,307,Adson,X,80,2T,Sul,DA,Pé Esquerdo,1,28,TITULAR,V,3 x 0,Liverpool (URU),Libertadores,28/06/2023,QUA,21:30,https://www.youtube.com/watch?v=0RPzhL6yG6g
485,309,Felipe Augusto,Renato Augusto,79,2T,Norte,DA,Pé Esquerdo,1,41,TITULAR,V,1 x 0,Universitario,Sulamericana,11/07/2023,TER,21:30,https://www.youtube.com/watch?v=PznqMuv-Y1M
486,310,Renato Augusto,Fagner,48,2T,Norte,DA,Cabeça,1,8,TITULAR,V,3 x 2,América (MG),Copa do Brasil,15/07/2023,SÁB,16:30,https://www.youtube.com/watch?v=GPkHhehK7Ms
487,310,Yuri Alberto,Ruan Oliveira,65,2T,Norte,DA,Pé Esquerdo,1,9,TITULAR,V,3 x 2,América (MG),Copa do Brasil,15/07/2023,SÁB,16:30,https://www.youtube.com/watch?v=GPkHhehK7Ms
488,310,Roger Guedes,Gil,72,2T,Norte,DA,Cabeça,1,10,TITULAR,V,3 x 2,América (MG),Copa do Brasil,15/07/2023,SÁB,16:30,https://www.youtube.com/watch?v=GPkHhehK7Ms
489,311,Renato Augusto,Maycon,48,2T,Sul,FA,Pé Direito,1,8,TITULAR,V,2 x 1,São Paulo,Copa do Brasil,25/07/2023,TER,21:30,https://www.youtube.com/watch?v=rnTtclOUhGA
490,311,Renato Augusto,Murillo,81,2T,Sul,DA,Pé Direito,1,8,TITULAR,V,2 x 1,São Paulo,Copa do Brasil,25/07/2023,TER,21:30,https://www.youtube.com/watch?v=rnTtclOUhGA
491,312,Maycon,Renato Augusto,19,1T,Sul,FA,Pé Esquerdo,1,7,TITULAR,V,3 x 1,Vasco da Gama,Brasileiro,29/07/2023,SÁB,18:30,https://www.youtube.com/watch?v=iReFc_gwOi4
492,312,Yuri Alberto,Roger Guedes,61,2T,Norte,DA,Pé Direito,1,9,TITULAR,V,3 x 1,Vasco da Gama,Brasileiro,29/07/2023,SÁB,18:30,https://www.youtube.com/watch?v=iReFc_gwOi4
493,312,Roger Guedes,(Pênalti),73,2T,Norte,DA,Pé Direito,1,10,TITULAR,V,3 x 1,Vasco da Gama,Brasileiro,29/07/2023,SÁB,18:30,https://www.youtube.com/watch?v=iReFc_gwOi4
494,313,Yuri Alberto,(Pênalti),57,2T,Norte,DA,Pé Direito,1,9,TITULAR,V,2 x 1,Newell's Old Boys,Sulamericana,01/08/2023,TER,21:30,https://www.youtube.com/watch?v=Zr_-SusSmZ0
495,313,Wesley,Romero,65,2T,Norte,DA,Pé Direito,1,36,RESERVA,V,2 x 1,Newell's Old Boys,Sulamericana,01/08/2023,TER,21:30,https://www.youtube.com/watch?v=Zr_-SusSmZ0
496,314,Gil,X,51,2T,Sul,DA,Pé Esquerdo,1,4,TITULAR,V,3 x 1,Coritiba,Brasileiro,13/08/2023,DOM,16:00,https://www.youtube.com/watch?v=tkg-tDMu3A0
497,314,Yuri Alberto,Ruan Oliveira,54,2T,Sul,DA,Costas,1,9,TITULAR,V,3 x 1,Coritiba,Brasileiro,13/08/2023,DOM,16:00,https://www.youtube.com/watch?v=tkg-tDMu3A0
498,314,Wesley,Adson,67,2T,Sul,FA,Pé Direito,1,36,RESERVA,V,3 x 1,Coritiba,Brasileiro,13/08/2023,DOM,16:00,https://www.youtube.com/watch?v=tkg-tDMu3A0
499,315,Gil,Matías Rojas,17,1T,Sul,DA,Pé Direito,1,4,TITULAR,V,1 x 0,Estudiantes,Sulamericana,22/08/2023,TER,21:30,https://www.youtube.com/watch?v=dMRLzMNQYiA
500,316,Maycon,Renato Augusto,82,2T,Norte,DA,Peito,1,7,RESERVA,E,1 x 1,Goiás,Brasileiro,26/08/2023,SÁB,21:00,https://www.youtube.com/watch?v=v29iiPP8Khc
501,318,Fábio Santos,(Pênalti),45,1T,Norte,DA,Pé Esquerdo,1,6,TITULAR,E,4 x 4,Grêmio,Brasileiro,18/09/2023,SEG,21:00,https://www.youtube.com/watch?v=QNYZIILYBv4
502,318,Lucas Veríssimo,Matías Rojas,45+4,1T,Norte,DA,Cabeça,1,3,TITULAR,E,4 x 4,Grêmio,Brasileiro,18/09/2023,SEG,21:00,https://www.youtube.com/watch?v=QNYZIILYBv4
503,318,Yuri Alberto,Maycon,45+6,1T,Norte,DA,Cabeça,1,9,TITULAR,E,4 x 4,Grêmio,Brasileiro,18/09/2023,SEG,21:00,https://www.youtube.com/watch?v=QNYZIILYBv4
504,318,Giuliano,Wesley,67,2T,Sul,DA,Pé Direito,1,20,RESERVA,E,4 x 4,Grêmio,Brasileiro,18/09/2023,SEG,21:00,https://www.youtube.com/watch?v=QNYZIILYBv4
505,319,Gil,X,59,2T,Norte,DA,Pé Direito,3,4,TITULAR,V,1 x 0,Botafogo,Brasileiro,22/09/2023,SEX,20:00,https://www.youtube.com/watch?v=hhrg7cu-nMA
506,320,Yuri Alberto,Renato Augusto,40,1T,Sul,DA,Pé Direito,1,9,TITULAR,E,1 x 1,Fortaleza,Sulamericana,26/09/2023,TER,21:30,https://www.youtube.com/watch?v=X811962S05Y
507,231,Fábio Santos,(Pênalti),79,2T,Norte,DA,Pé Esquerdo,1,6,TITULAR,E,1 x 1,Flamengo,Brasileiro,07/10/2023,SÁB,21:00,https://www.youtube.com/watch?v=NTSLHMYnE98